same_love_language,ambition_diff,emotional_expressiveness_diff,spontaneity_diff,overall_match_score,personality_distance_sum
0,0.13,0.22000000000000003,0.06,0.643,1.3900000000000001
0,0.04999999999999999,0.49999999999999994,0.15,0.602,1.13
0,0.07999999999999996,0.03,0.3,0.706,0.24999999999999994
0,0.06000000000000005,0.13,0.49,0.6,0.44
0,0.37,0.050000000000000044,0.59,0.6609999999999999,0.8
0,0.49,0.010000000000000009,0.29000000000000004,0.522,0.7799999999999999
0,0.27,0.15000000000000002,0.030000000000000027,0.6509999999999999,0.9
0,0.019999999999999907,0.21999999999999997,0.25000000000000006,0.8220000000000001,0.3599999999999999
0,0.55,0.22999999999999998,0.39,0.501,1.0899999999999999
1,0.52,0.22000000000000008,0.52,0.607,0.93
0,0.030000000000000027,0.02999999999999997,0.76,0.617,1.4700000000000002
0,0.15999999999999998,0.74,0.24000000000000005,0.473,1.33
0,0.29000000000000004,0.63,0.06000000000000005,0.474,0.4100000000000001
0,0.08000000000000002,0.51,0.020000000000000018,0.608,1.2399999999999998
0,0.07,0.3400000000000001,0.14,0.71,1.23
1,0.39,0.06,0.26,0.637,1.83
0,0.22999999999999998,0.31999999999999995,0.21999999999999997,0.612,1.19
0,0.16000000000000003,0.69,0.8099999999999999,0.601,1.35
0,0.09999999999999998,0.24,0.0,0.46,1.28
1,0.16000000000000003,0.14,0.0,0.7909999999999999,0.5499999999999998
0,0.33999999999999997,0.07,0.38,0.515,0.8599999999999999
0,0.22999999999999998,0.29000000000000004,0.54,0.69,1.02
0,0.050000000000000044,0.42000000000000004,0.12,0.6629999999999999,1.21
0,0.27,0.19000000000000006,0.30000000000000004,0.5760000000000001,1.7000000000000002
0,0.26,0.12,0.37,0.49200000000000005,1.39
0,0.6,0.3,0.32999999999999996,0.598,0.9899999999999999
1,0.25,0.63,0.020000000000000018,0.6890000000000001,0.5999999999999998
1,0.12,0.43000000000000005,0.46,0.616,1.6600000000000001
0,0.37999999999999995,0.18999999999999995,0.10999999999999999,0.507,1.4799999999999998
0,0.040000000000000036,0.010000000000000009,0.29000000000000004,0.6940000000000001,1.06
0,0.39,0.21000000000000002,0.42000000000000004,0.625,1.73
1,0.13,0.06,0.020000000000000018,0.713,0.9999999999999999
0,0.21000000000000002,0.32000000000000006,0.26,0.617,1.02
0,0.56,0.1,0.21999999999999997,0.7120000000000001,0.84
0,0.69,0.32999999999999996,0.0,0.452,0.71
0,0.0,0.08999999999999997,0.6299999999999999,0.61,1.27
0,0.10999999999999999,0.030000000000000027,0.010000000000000009,0.75,0.31000000000000016
0,0.15000000000000002,0.10999999999999999,0.6599999999999999,0.6679999999999999,0.74
0,0.13,0.25,0.48000000000000004,0.621,0.89
0,0.18000000000000005,0.38000000000000006,0.16999999999999993,0.402,1.1700000000000002
0,0.19999999999999998,0.27999999999999997,0.04999999999999993,0.491,1.17
0,0.09999999999999998,0.06,0.06,0.747,1.06
0,0.10999999999999999,0.14,0.43,0.58,0.73
0,0.2899999999999999,0.15000000000000002,0.37,0.664,0.9900000000000002
1,0.48,0.44,0.10999999999999999,0.633,1.28
0,0.0,0.07999999999999996,0.27,0.763,1.6800000000000002
0,0.21999999999999997,0.43000000000000005,0.26,0.78,0.97
1,0.17999999999999997,0.35,0.44999999999999996,0.591,1.2
1,0.08999999999999997,0.59,0.6200000000000001,0.584,0.76
1,0.0,0.05999999999999994,0.020000000000000018,0.784,1.7999999999999998
1,0.34,0.08999999999999997,0.22,0.773,0.8099999999999999
0,0.35000000000000003,0.02999999999999997,0.22999999999999998,0.5539999999999999,1.06
0,0.0,0.34,0.12,0.581,0.53
0,0.15000000000000002,0.59,0.10999999999999999,0.53,1.38
0,0.19999999999999996,0.04999999999999993,0.2899999999999999,0.5870000000000001,0.72
0,0.35000000000000003,0.18,0.15000000000000002,0.624,1.4400000000000002
0,0.0,0.16999999999999998,0.42000000000000004,0.588,0.77
0,0.040000000000000036,0.38999999999999996,0.24,0.759,1.69
0,0.26,0.4000000000000001,0.18000000000000005,0.539,0.88
1,0.10999999999999999,0.009999999999999995,0.06999999999999995,0.7879999999999999,1.0
1,0.08999999999999997,0.56,0.010000000000000009,0.7509999999999999,1.5500000000000003
0,0.18000000000000005,0.48,0.010000000000000009,0.603,1.02
0,0.010000000000000009,0.04999999999999999,0.010000000000000009,0.691,0.9000000000000001
0,0.37000000000000005,0.020000000000000018,0.050000000000000044,0.664,0.7400000000000001
0,0.48999999999999994,0.37,0.10000000000000003,0.648,0.59
0,0.14000000000000007,0.040000000000000036,0.09999999999999998,0.713,1.34
0,0.39,0.31,0.13,0.61,1.2999999999999998
0,0.2,0.0,0.6599999999999999,0.721,1.58
0,0.07,0.35000000000000003,0.12,0.7020000000000001,0.31
0,0.29000000000000004,0.06,0.69,0.483,0.71
0,0.06999999999999995,0.21000000000000008,0.47,0.57,0.8300000000000001
0,0.45999999999999996,0.39,0.08000000000000002,0.682,0.65
0,0.08999999999999997,0.08000000000000002,0.010000000000000009,0.736,0.84
0,0.18,0.05999999999999994,0.15000000000000002,0.698,0.52
0,0.18,0.4099999999999999,0.22999999999999998,0.542,0.6199999999999999
0,0.21999999999999997,0.18,0.22999999999999998,0.68,1.0
1,0.10999999999999999,0.33000000000000007,0.03999999999999998,0.797,0.41000000000000003
0,0.010000000000000009,0.21999999999999997,0.39999999999999997,0.82,1.4299999999999997
0,0.039999999999999925,0.64,0.22000000000000003,0.611,0.91
0,0.13999999999999999,0.47,0.06999999999999999,0.698,0.81
0,0.25000000000000006,0.3,0.44999999999999996,0.574,1.46
1,0.36,0.22999999999999998,0.15000000000000002,0.634,1.31
0,0.020000000000000018,0.02999999999999997,0.6,0.615,0.8300000000000001
0,0.52,0.21000000000000002,0.18999999999999995,0.6509999999999999,1.33
1,0.07999999999999996,0.33,0.27,0.89,1.1
0,0.15999999999999998,0.43000000000000005,0.24,0.45899999999999996,1.2600000000000002
0,0.12,0.05999999999999994,0.31,0.547,0.77
0,0.26999999999999996,0.030000000000000027,0.30000000000000004,0.7490000000000001,1.3599999999999999
0,0.04999999999999999,0.30000000000000004,0.59,0.624,1.73
0,0.41000000000000003,0.12999999999999998,0.30000000000000004,0.608,0.6900000000000001
0,0.36,0.020000000000000018,0.56,0.594,0.9500000000000001
0,0.34,0.33999999999999997,0.21999999999999997,0.495,1.98
0,0.09000000000000002,0.27999999999999997,0.20999999999999996,0.7,0.24999999999999994
0,0.18000000000000005,0.6499999999999999,0.72,0.555,0.40000000000000013
0,0.19,0.24,0.47,0.561,1.36
1,0.36999999999999994,0.040000000000000036,0.10999999999999999,0.643,1.04
0,0.16000000000000003,0.4600000000000001,0.010000000000000009,0.7829999999999999,1.08
0,0.050000000000000044,0.09000000000000002,0.08999999999999997,0.757,0.98
0,0.54,0.0,0.23999999999999994,0.621,0.7600000000000001
0,0.31,0.38,0.27999999999999997,0.62,0.7000000000000001
0,0.17000000000000004,0.63,0.17000000000000004,0.47,1.01
0,0.030000000000000027,0.10999999999999999,0.36,0.5379999999999999,1.1300000000000001
1,0.17000000000000004,0.07000000000000006,0.26,0.53,0.99
0,0.08999999999999997,0.08999999999999997,0.12,0.746,1.43
0,0.07000000000000006,0.5599999999999999,0.33999999999999997,0.652,1.13
0,0.31999999999999995,0.15000000000000002,0.04999999999999993,0.6759999999999999,0.7900000000000001
0,0.38999999999999996,0.43000000000000005,0.14,0.618,1.6400000000000001
0,0.11000000000000004,0.1200000000000001,0.22999999999999998,0.532,1.02
0,0.07999999999999996,0.52,0.020000000000000018,0.57,1.28
0,0.040000000000000036,0.51,0.69,0.36,1.32
0,0.12,0.13,0.21999999999999997,0.616,1.05
0,0.24,0.18999999999999995,0.03999999999999998,0.649,1.3699999999999999
0,0.32999999999999996,0.5199999999999999,0.25,0.6,0.7100000000000001
1,0.21999999999999997,0.16999999999999993,0.2700000000000001,0.573,1.0999999999999999
0,0.14,0.14,0.7000000000000001,0.48700000000000004,1.3
0,0.08999999999999997,0.51,0.18000000000000005,0.539,1.5100000000000002
0,0.10000000000000003,0.4600000000000001,0.5700000000000001,0.493,1.7199999999999998
0,0.32,0.33,0.08999999999999997,0.698,0.6000000000000001
1,0.33999999999999997,0.45999999999999996,0.37,0.605,1.9099999999999997
0,0.31999999999999995,0.3,0.26,0.541,1.9700000000000002
0,0.22000000000000003,0.010000000000000009,0.41999999999999993,0.669,1.03
0,0.24,0.21000000000000002,0.030000000000000027,0.6729999999999999,1.4
1,0.43999999999999995,0.010000000000000009,0.47,0.48,1.7200000000000002
0,0.37,0.040000000000000036,0.18,0.47,1.08
1,0.14,0.050000000000000044,0.51,0.87,0.72
0,0.27999999999999997,0.2,0.14,0.6709999999999999,0.6099999999999999
1,0.08000000000000007,0.15999999999999992,0.48000000000000004,0.872,0.77
1,0.21999999999999997,0.64,0.019999999999999907,0.75,1.2199999999999998
0,0.55,0.21000000000000008,0.53,0.51,1.25
1,0.42,0.1499999999999999,0.20000000000000007,0.5770000000000001,1.35
0,0.06999999999999995,0.72,0.19999999999999996,0.537,1.4100000000000001
0,0.020000000000000018,0.33999999999999997,0.43,0.525,1.4
1,0.05999999999999994,0.47000000000000003,0.28,0.797,0.62
0,0.06,0.22999999999999998,0.07999999999999996,0.68,1.35
1,0.3,0.08000000000000002,0.27999999999999997,0.85,1.07
0,0.31,0.11000000000000001,0.04999999999999993,0.684,0.8999999999999999
0,0.15000000000000008,0.6100000000000001,0.36,0.742,1.1800000000000002
0,0.09999999999999998,0.38999999999999996,0.24999999999999994,0.545,0.78
0,0.25,0.17999999999999994,0.15999999999999998,0.606,1.04
0,0.010000000000000009,0.1,0.010000000000000009,0.8390000000000001,0.7899999999999999
0,0.10999999999999999,0.08999999999999997,0.36,0.635,0.74
0,0.22000000000000003,0.36,0.28,0.568,0.38999999999999985
0,0.18999999999999997,0.41,0.28,0.578,1.4300000000000002
1,0.24999999999999997,0.41,0.12,0.601,0.9099999999999999
0,0.41000000000000003,0.06,0.18000000000000005,0.6629999999999999,0.6500000000000001
0,0.09999999999999998,0.16999999999999998,0.58,0.522,0.91
0,0.08000000000000002,0.26999999999999996,0.26,0.588,1.25
0,0.10999999999999999,0.35000000000000003,0.18,0.633,1.19
0,0.21000000000000002,0.51,0.49,0.57,0.9799999999999999
0,0.15000000000000002,0.23000000000000004,0.06999999999999995,0.6729999999999999,0.8
0,0.12,0.31,0.13,0.7290000000000001,0.5199999999999999
1,0.03999999999999998,0.010000000000000009,0.42000000000000004,0.613,1.1999999999999997
0,0.17999999999999994,0.19,0.37999999999999995,0.56,1.1
0,0.16999999999999998,0.36,0.41000000000000003,0.6559999999999999,1.02
0,0.050000000000000044,0.39999999999999997,0.20999999999999996,0.628,0.6499999999999999
0,0.14,0.15000000000000002,0.65,0.638,0.7900000000000001
1,0.20999999999999996,0.039999999999999925,0.95,0.838,1.1400000000000001
1,0.04999999999999993,0.26999999999999996,0.11000000000000001,0.6409999999999999,0.9400000000000001
0,0.23999999999999996,0.29000000000000004,0.29000000000000004,0.506,0.8500000000000001
0,0.32,0.05999999999999994,0.05999999999999994,0.769,0.8200000000000001
0,0.030000000000000027,0.6599999999999999,0.07999999999999996,0.6409999999999999,1.1300000000000001
0,0.35,0.010000000000000009,0.21999999999999997,0.6990000000000001,1.29
0,0.040000000000000036,0.27999999999999997,0.43999999999999995,0.49,0.74
0,0.01999999999999999,0.09000000000000002,0.42,0.534,1.2599999999999998
1,0.030000000000000027,0.27,0.02999999999999997,0.862,0.20000000000000007
0,0.33,0.009999999999999981,0.10999999999999999,0.564,0.9
1,0.45999999999999996,0.31000000000000005,0.19,0.643,0.9799999999999998
0,0.09999999999999998,0.21999999999999997,0.030000000000000027,0.759,0.7499999999999999
1,0.38999999999999996,0.16000000000000003,0.19999999999999996,0.7829999999999999,0.5499999999999998
0,0.41000000000000003,0.16000000000000003,0.72,0.653,0.73
0,0.04999999999999999,0.29,0.21999999999999997,0.47600000000000003,0.93
0,0.09999999999999998,0.87,0.30000000000000004,0.573,1.25
0,0.03999999999999998,0.19999999999999996,0.25999999999999995,0.624,0.6699999999999999
0,0.21999999999999997,0.37000000000000005,0.36,0.784,1.46
0,0.16000000000000003,0.6799999999999999,0.13,0.46299999999999997,1.4100000000000001
0,0.22000000000000003,0.10999999999999999,0.24,0.667,0.53
1,0.08000000000000002,0.07000000000000006,0.32000000000000006,0.669,0.84
0,0.11000000000000004,0.36,0.29000000000000004,0.6659999999999999,1.3
0,0.14,0.0,0.25000000000000006,0.637,1.0699999999999998
0,0.010000000000000009,0.24,0.55,0.478,1.69
1,0.77,0.10999999999999999,0.23,0.6890000000000001,0.79
0,0.06999999999999995,0.20999999999999996,0.2,0.617,1.19
0,0.13999999999999996,0.4600000000000001,0.12,0.7440000000000001,1.4200000000000002
0,0.030000000000000027,0.28,0.019999999999999907,0.6970000000000001,0.9400000000000001
0,0.08999999999999997,0.39999999999999997,0.30000000000000004,0.544,0.5300000000000001
0,0.06999999999999995,0.19000000000000006,0.27999999999999997,0.622,0.95
0,0.27999999999999997,0.06000000000000005,0.17000000000000004,0.742,0.6300000000000001
0,0.12,0.5700000000000001,0.04999999999999999,0.715,1.5199999999999998
0,0.16999999999999998,0.32,0.25,0.39799999999999996,1.5599999999999998
0,0.17000000000000004,0.37999999999999995,0.42999999999999994,0.574,0.79
1,0.12,0.04999999999999999,0.22000000000000003,0.701,0.91
0,0.19999999999999996,0.61,0.34,0.583,1.66
0,0.3,0.10999999999999999,0.18999999999999995,0.556,1.12
1,0.010000000000000009,0.04999999999999999,0.31,0.6809999999999999,0.99
0,0.59,0.25999999999999995,0.55,0.564,0.5800000000000001
0,0.37000000000000005,0.42000000000000004,0.040000000000000036,0.5,1.1
1,0.31,0.24,0.26,0.611,1.1300000000000001
0,0.42000000000000004,0.39999999999999997,0.010000000000000009,0.503,1.19
1,0.29000000000000004,0.10999999999999999,0.46,0.8,0.7599999999999999
0,0.39,0.26999999999999996,0.08999999999999997,0.529,1.01
0,0.09000000000000008,0.16000000000000003,0.030000000000000027,0.574,1.73
0,0.24,0.25,0.24,0.552,0.8200000000000001
0,0.10999999999999999,0.52,0.36,0.657,0.5599999999999998
0,0.09000000000000002,0.060000000000000026,0.48,0.521,1.06
1,0.15999999999999998,0.53,0.12,0.778,1.28
0,0.26,0.030000000000000027,0.55,0.59,1.13
0,0.06999999999999995,0.26,0.10999999999999999,0.826,0.45
0,0.47000000000000003,0.07,0.010000000000000009,0.6940000000000001,0.83
1,0.15,0.04999999999999999,0.3500000000000001,0.82,0.9000000000000001
0,0.04999999999999999,0.32,0.19999999999999996,0.574,0.7999999999999999
1,0.47000000000000003,0.2,0.44,0.47600000000000003,1.3599999999999999
0,0.06999999999999995,0.3,0.039999999999999925,0.61,1.2000000000000002
0,0.39,0.10999999999999999,0.41000000000000003,0.603,0.9199999999999999
1,0.36,0.10999999999999999,0.28,0.8809999999999999,0.8900000000000001
0,0.10999999999999999,0.22999999999999998,0.030000000000000027,0.875,0.8999999999999999
0,0.16999999999999993,0.21999999999999997,0.18000000000000005,0.8,0.8400000000000001
0,0.17999999999999994,0.24,0.4,0.691,0.86
0,0.22999999999999998,0.33,0.65,0.507,1.0699999999999998
0,0.28,0.06000000000000005,0.040000000000000036,0.743,1.6999999999999997
0,0.13,0.5800000000000001,0.24,0.615,1.1900000000000002
0,0.11999999999999997,0.22000000000000003,0.23,0.595,0.6099999999999999
0,0.15999999999999992,0.35,0.050000000000000044,0.652,0.98
0,0.55,0.51,0.5,0.369,1.04
0,0.66,0.019999999999999907,0.20999999999999996,0.521,0.6300000000000001
0,0.28,0.56,0.27999999999999997,0.534,1.31
0,0.26999999999999996,0.21000000000000002,0.28,0.644,1.46
1,0.08999999999999997,0.07000000000000006,0.53,0.742,0.98
0,0.010000000000000009,0.5900000000000001,0.3400000000000001,0.648,0.8999999999999999
1,0.5900000000000001,0.5,0.04999999999999999,0.679,1.3399999999999999
0,0.08000000000000002,0.010000000000000009,0.27,0.5720000000000001,1.06
0,0.12,0.30999999999999994,0.15000000000000002,0.622,0.41999999999999993
0,0.12,0.36,0.030000000000000027,0.604,0.94
0,0.52,0.14,0.10000000000000003,0.5539999999999999,1.79
0,0.21999999999999997,0.15000000000000002,0.19999999999999996,0.503,0.8799999999999999
0,0.33999999999999997,0.020000000000000018,0.04000000000000001,0.6,0.79
0,0.030000000000000027,0.13999999999999996,0.29000000000000004,0.631,0.91
0,0.19,0.19,0.34,0.679,0.65
0,0.24,0.1399999999999999,0.28,0.643,1.3200000000000003
0,0.22999999999999998,0.21999999999999997,0.35,0.594,1.03
1,0.10000000000000003,0.24,0.43,0.8079999999999999,1.1300000000000001
0,0.29000000000000004,0.19999999999999996,0.12,0.519,1.35
0,0.22999999999999998,0.39,0.43000000000000005,0.47600000000000003,1.1099999999999999
0,0.39,0.32999999999999996,0.36,0.5870000000000001,1.26
0,0.07999999999999996,0.06999999999999995,0.14,0.594,1.2200000000000002
0,0.16000000000000003,0.7999999999999999,0.29,0.624,1.02
0,0.04999999999999999,0.43,0.1,0.637,0.7300000000000002
0,0.27,0.51,0.31000000000000005,0.514,0.9400000000000002
1,0.14,0.0,0.34,0.8909999999999999,0.7900000000000001
0,0.020000000000000018,0.32,0.04999999999999999,0.691,0.91
0,0.13999999999999996,0.3400000000000001,0.07999999999999996,0.603,0.85
1,0.38999999999999996,0.13,0.51,0.479,1.6700000000000002
0,0.6,0.08999999999999997,0.38,0.597,1.09
0,0.18000000000000005,0.77,0.78,0.541,1.2800000000000002
0,0.37,0.15000000000000002,0.04999999999999993,0.599,1.04
0,0.31999999999999995,0.10000000000000003,0.61,0.7040000000000001,1.06
0,0.10999999999999999,0.040000000000000036,0.08999999999999997,0.621,1.1600000000000001
0,0.18,0.18,0.15,0.578,1.31
0,0.27,0.5800000000000001,0.21999999999999997,0.547,0.76
1,0.25000000000000006,0.3499999999999999,0.22,0.616,0.69
1,0.41,0.08000000000000007,0.010000000000000009,0.647,0.38
0,0.26999999999999996,0.21999999999999997,0.10999999999999999,0.61,0.3800000000000001
1,0.36,0.25999999999999995,0.2899999999999999,0.82,0.8300000000000001
0,0.15999999999999998,0.14,0.4,0.535,0.77
1,0.19999999999999996,0.13999999999999996,0.14,0.785,1.46
1,0.31999999999999995,0.020000000000000018,0.47,0.6940000000000001,1.0800000000000003
0,0.39,0.22,0.5,0.68,1.06
1,0.10999999999999999,0.2899999999999999,0.05999999999999994,0.695,0.8299999999999998
1,0.27,0.6699999999999999,0.16999999999999998,0.795,0.3200000000000001
0,0.3,0.010000000000000009,0.39,0.609,0.8500000000000002
0,0.06000000000000005,0.4099999999999999,0.56,0.6779999999999999,1.36
0,0.21999999999999997,0.019999999999999962,0.37999999999999995,0.6809999999999999,0.43000000000000005
0,0.06000000000000005,0.03999999999999998,0.009999999999999953,0.8340000000000001,1.3599999999999999
0,0.6599999999999999,0.44000000000000006,0.24000000000000005,0.365,0.74
0,0.41,0.29,0.09000000000000008,0.5589999999999999,1.4300000000000002
0,0.040000000000000036,0.14,0.59,0.71,1.3800000000000001
0,0.26,0.20999999999999996,0.33,0.652,0.36000000000000004
0,0.010000000000000009,0.0,0.30999999999999994,0.745,0.9099999999999999
1,0.10000000000000003,0.010000000000000009,0.07999999999999996,0.784,0.6100000000000001
0,0.64,0.37000000000000005,0.1499999999999999,0.601,0.57
0,0.30999999999999994,0.29000000000000004,0.020000000000000004,0.7,1.04
0,0.2300000000000001,0.10999999999999999,0.06,0.456,1.33
0,0.32999999999999996,0.58,0.16,0.563,1.61
0,0.29000000000000004,0.45,0.040000000000000036,0.655,0.5900000000000001
0,0.10999999999999999,0.30999999999999994,0.32999999999999996,0.521,0.8400000000000001
0,0.39,0.55,0.41000000000000003,0.51,0.8400000000000001
0,0.13999999999999999,0.20000000000000007,0.29,0.507,1.2900000000000003
0,0.030000000000000027,0.09999999999999998,0.30999999999999994,0.638,0.99
1,0.29999999999999993,0.19999999999999996,0.010000000000000009,0.757,0.6499999999999998
1,0.55,0.33999999999999997,0.17,0.65,1.1800000000000002
0,0.35,0.30999999999999994,0.19000000000000006,0.52,0.83
0,0.07999999999999996,0.12,0.050000000000000044,0.723,0.53
1,0.31000000000000005,0.16000000000000003,0.14,0.815,1.06
0,0.44000000000000006,0.21999999999999997,0.11000000000000001,0.611,0.8800000000000001
0,0.019999999999999962,0.54,0.52,0.645,0.52
0,0.10000000000000003,0.49,0.39,0.634,1.4100000000000001
0,0.040000000000000036,0.26,0.12,0.7390000000000001,0.4599999999999999
0,0.08000000000000007,0.26999999999999996,0.57,0.7,0.6200000000000001
0,0.04999999999999999,0.040000000000000036,0.7,0.562,0.8599999999999999
0,0.1399999999999999,0.36,0.09999999999999998,0.628,0.67
0,0.12999999999999995,0.19999999999999996,0.53,0.687,0.81
0,0.15999999999999992,0.19999999999999996,0.030000000000000027,0.6659999999999999,1.56
0,0.32000000000000006,0.15000000000000002,0.13,0.529,1.3499999999999999
0,0.010000000000000009,0.08000000000000002,0.35000000000000003,0.691,0.6699999999999999
0,0.09999999999999998,0.31000000000000005,0.63,0.6,1.38
0,0.43,0.53,0.030000000000000027,0.522,0.8000000000000002
1,0.25,0.06999999999999995,0.24000000000000005,0.562,1.05
0,0.040000000000000036,0.6499999999999999,0.26000000000000006,0.588,0.92
0,0.11000000000000001,0.5499999999999999,0.10999999999999999,0.618,0.72
0,0.39999999999999997,0.22999999999999998,0.59,0.501,1.01
0,0.22999999999999998,0.73,0.15999999999999998,0.5920000000000001,0.87
0,0.06000000000000005,0.17000000000000004,0.31999999999999995,0.526,1.0399999999999998
0,0.08000000000000002,0.07999999999999996,0.039999999999999925,0.629,0.7199999999999999
0,0.15000000000000002,0.11999999999999997,0.06,0.735,1.02
1,0.09999999999999998,0.04999999999999999,0.26999999999999996,0.684,1.23
0,0.2799999999999999,0.59,0.020000000000000018,0.62,1.7000000000000002
1,0.12,0.23000000000000004,0.72,0.636,1.31
0,0.13999999999999996,0.36,0.010000000000000009,0.633,0.36999999999999994
0,0.08999999999999997,0.15999999999999998,0.45000000000000007,0.563,0.73
0,0.43999999999999995,0.13000000000000006,0.32999999999999996,0.624,0.6800000000000002
1,0.32000000000000006,0.030000000000000027,0.27999999999999997,0.688,1.3900000000000001
0,0.18999999999999995,0.07000000000000003,0.2,0.7090000000000001,1.2999999999999998
0,0.06000000000000005,0.13999999999999999,0.14,0.544,0.89
0,0.29000000000000004,0.13,0.48999999999999994,0.45799999999999996,1.13
0,0.15999999999999998,0.14,0.10999999999999999,0.662,0.9800000000000001
0,0.56,0.48000000000000004,0.39999999999999997,0.6559999999999999,1.46
0,0.5800000000000001,0.49,0.24,0.541,1.19
0,0.22000000000000003,0.19000000000000006,0.15000000000000002,0.652,0.74
1,0.38,0.13,0.16000000000000003,0.685,1.4700000000000002
0,0.26999999999999996,0.8500000000000001,0.05000000000000002,0.429,1.3599999999999999
0,0.23999999999999994,0.08000000000000002,0.24,0.612,0.9299999999999999
1,0.38999999999999996,0.22000000000000003,0.37999999999999995,0.772,0.9299999999999999
0,0.17999999999999994,0.2,0.06,0.725,0.3400000000000001
0,0.020000000000000018,0.06999999999999995,0.77,0.659,0.5800000000000001
0,0.25,0.53,0.13,0.636,0.86
0,0.20000000000000007,0.2300000000000001,0.49,0.7140000000000001,0.6200000000000001
0,0.09999999999999998,0.07999999999999996,0.15000000000000002,0.6759999999999999,0.77
1,0.14,0.08000000000000007,0.32000000000000006,0.732,0.76
0,0.03999999999999998,0.15000000000000002,0.09999999999999998,0.758,0.5099999999999999
0,0.09999999999999998,0.64,0.49,0.441,0.78
1,0.34,0.21999999999999997,0.21999999999999997,0.644,0.99
1,0.30000000000000004,0.36,0.0,0.7170000000000001,1.06
0,0.21000000000000008,0.37,0.37000000000000005,0.568,1.04
1,0.06,0.10000000000000003,0.09000000000000002,0.838,1.09
1,0.28,0.030000000000000027,0.19999999999999998,0.7240000000000001,1.31
0,0.31,0.5,0.4,0.636,1.5
0,0.09000000000000002,0.55,0.42999999999999994,0.535,1.4500000000000002
0,0.09000000000000002,0.48,0.3,0.5760000000000001,1.03
0,0.09000000000000002,0.29,0.21999999999999997,0.636,0.6300000000000001
0,0.07000000000000006,0.37999999999999995,0.13,0.745,0.5699999999999998
1,0.12000000000000005,0.12000000000000002,0.07999999999999996,0.8290000000000001,0.45999999999999996
1,0.09999999999999998,0.21999999999999997,0.32999999999999996,0.684,0.5599999999999999
0,0.15999999999999998,0.06000000000000005,0.20999999999999996,0.583,0.71
0,0.25,0.11999999999999994,0.43999999999999995,0.5920000000000001,0.9700000000000001
0,0.13,0.51,0.26,0.606,0.99
0,0.09000000000000002,0.36000000000000004,0.21000000000000002,0.75,1.1600000000000001
0,0.2,0.37999999999999995,0.52,0.677,0.8900000000000001
1,0.32999999999999996,0.41,0.24,0.56,0.94
0,0.06999999999999998,0.45,0.18,0.6629999999999999,0.8099999999999999
0,0.5800000000000001,0.6799999999999999,0.45000000000000007,0.447,0.8600000000000001
0,0.16000000000000003,0.21000000000000002,0.22000000000000003,0.643,1.32
0,0.30000000000000004,0.6000000000000001,0.25,0.348,1.04
0,0.15999999999999998,0.07999999999999996,0.3,0.667,1.31
0,0.33,0.34,0.06000000000000005,0.57,1.09
0,0.57,0.17000000000000004,0.49999999999999994,0.457,0.6700000000000002
1,0.18000000000000005,0.010000000000000009,0.71,0.938,1.04
0,0.17999999999999994,0.09999999999999998,0.79,0.7070000000000001,1.23
0,0.4,0.07,0.24000000000000005,0.664,1.04
0,0.22000000000000003,0.10999999999999999,0.07000000000000006,0.7340000000000001,0.9
0,0.17999999999999994,0.7,0.35000000000000003,0.511,0.77
0,0.26,0.55,0.64,0.547,0.9199999999999999
1,0.16000000000000003,0.44999999999999996,0.03,0.69,0.8700000000000001
0,0.39999999999999997,0.15000000000000002,0.37,0.584,1.35
1,0.27999999999999997,0.10999999999999999,0.08000000000000002,0.8909999999999999,1.03
0,0.26,0.18,0.21000000000000002,0.557,0.52
0,0.08999999999999997,0.27999999999999997,0.06,0.575,1.6300000000000003
1,0.1499999999999999,0.42,0.050000000000000044,0.81,1.6600000000000001
0,0.08999999999999997,0.54,0.29,0.784,1.4800000000000002
0,0.21999999999999997,0.22999999999999998,0.29,0.653,1.28
1,0.23000000000000004,0.06,0.18999999999999995,0.8540000000000001,1.33
0,0.22999999999999998,0.10999999999999999,0.7000000000000001,0.6609999999999999,0.9600000000000001
0,0.54,0.2,0.09999999999999998,0.603,1.09
1,0.34,0.30999999999999994,0.25,0.862,1.4300000000000002
1,0.15999999999999992,0.25,0.5900000000000001,0.743,1.17
1,0.040000000000000036,0.47,0.20999999999999996,0.693,1.23
0,0.14,0.13,0.14,0.5579999999999999,0.79
1,0.09999999999999998,0.41,0.1399999999999999,0.5539999999999999,0.81
0,0.44,0.76,0.43000000000000005,0.452,0.7600000000000001
0,0.08000000000000002,0.20999999999999996,0.26000000000000006,0.657,1.03
0,0.24,0.12,0.4600000000000001,0.703,2.0999999999999996
0,0.030000000000000027,0.25,0.45000000000000007,0.654,1.1300000000000001
1,0.29,0.87,0.22999999999999998,0.631,1.07
1,0.08000000000000002,0.03999999999999998,0.27,0.7709999999999999,0.51
0,0.24000000000000005,0.13,0.09999999999999998,0.762,0.6400000000000001
0,0.010000000000000009,0.31999999999999995,0.26999999999999996,0.688,1.1400000000000001
0,0.26,0.14,0.04999999999999999,0.601,1.05
0,0.010000000000000009,0.33,0.009999999999999981,0.605,1.59
1,0.21000000000000008,0.07999999999999996,0.34,0.772,1.4299999999999997
0,0.13,0.07,0.39,0.75,1.2
1,0.12,0.47,0.03999999999999998,0.8109999999999999,0.26000000000000006
1,0.050000000000000044,0.41000000000000003,0.06000000000000005,0.8370000000000001,1.31
0,0.14999999999999997,0.35,0.08000000000000002,0.62,1.72
1,0.26999999999999996,0.019999999999999962,0.81,0.758,1.4300000000000002
1,0.09999999999999998,0.10999999999999999,0.25,0.809,0.98
0,0.020000000000000018,0.22999999999999998,0.24999999999999997,0.691,0.9
0,0.020000000000000018,0.37000000000000005,0.030000000000000027,0.607,0.8700000000000001
0,0.38,0.33000000000000007,0.16999999999999993,0.562,1.3
0,0.43999999999999995,0.08999999999999997,0.18000000000000005,0.555,0.8699999999999999
0,0.54,0.31000000000000005,0.07999999999999996,0.612,1.16
0,0.47,0.7899999999999999,0.030000000000000027,0.677,0.5499999999999999
0,0.020000000000000018,0.43999999999999995,0.6099999999999999,0.614,0.42999999999999994
0,0.07000000000000006,0.33,0.1499999999999999,0.667,1.16
0,0.18000000000000005,0.10000000000000003,0.010000000000000009,0.706,1.06
0,0.21999999999999997,0.09999999999999998,0.11999999999999994,0.564,1.92
0,0.27,0.03999999999999998,0.25,0.6970000000000001,0.66
1,0.3,0.10999999999999999,0.5900000000000001,0.65,0.52
0,0.13,0.3,0.06000000000000005,0.39899999999999997,1.5899999999999999
0,0.029999999999999916,0.27,0.2,0.731,1.0699999999999998
1,0.29,0.32999999999999996,0.5599999999999999,0.539,1.16
0,0.27,0.040000000000000036,0.35,0.5870000000000001,0.5799999999999998
0,0.21999999999999997,0.59,0.10999999999999999,0.493,0.7899999999999999
0,0.019999999999999907,0.05999999999999994,0.010000000000000009,0.424,1.29
0,0.17000000000000004,0.18,0.039999999999999925,0.625,1.4700000000000002
1,0.2,0.69,0.44999999999999996,0.7090000000000001,1.8099999999999998
0,0.5,0.36,0.46,0.532,1.9100000000000001
0,0.44999999999999996,0.2899999999999999,0.029999999999999916,0.6859999999999999,0.5199999999999999
0,0.29000000000000004,0.33999999999999997,0.31,0.5,1.49
0,0.32,0.34,0.07,0.6409999999999999,0.6799999999999999
0,0.13,0.12,0.27,0.752,0.8699999999999999
0,0.26,0.42000000000000004,0.06000000000000005,0.499,0.7899999999999999
0,0.7,0.47,0.2,0.32799999999999996,1.1600000000000001
0,0.1100000000000001,0.14999999999999997,0.15,0.68,1.17
0,0.09999999999999998,0.54,0.68,0.62,0.6100000000000001
0,0.54,0.020000000000000018,0.24000000000000005,0.823,1.17
1,0.15000000000000002,0.54,0.43000000000000005,0.6859999999999999,1.6
0,0.020000000000000018,0.66,0.32,0.65,0.7100000000000002
0,0.14,0.3,0.13,0.721,0.5
0,0.4600000000000001,0.38000000000000006,0.1,0.55,0.6699999999999999
1,0.39000000000000007,0.6699999999999999,0.26999999999999996,0.523,0.8099999999999998
0,0.08999999999999997,0.11000000000000001,0.16999999999999998,0.616,1.48
1,0.040000000000000036,0.38999999999999996,0.10000000000000003,0.755,0.48999999999999994
0,0.22000000000000003,0.040000000000000036,0.17999999999999997,0.57,0.4800000000000001
0,0.0,0.30000000000000004,0.26,0.628,1.0899999999999999
0,0.020000000000000018,0.29000000000000004,0.51,0.6729999999999999,0.8500000000000001
0,0.040000000000000036,0.24999999999999994,0.19,0.687,0.87
0,0.39,0.030000000000000027,0.020000000000000018,0.628,1.62
0,0.20999999999999996,0.15000000000000002,0.4,0.5429999999999999,1.3199999999999998
1,0.18000000000000002,0.08999999999999997,0.22000000000000003,0.5770000000000001,1.4900000000000002
0,0.21000000000000008,0.49,0.12,0.49,0.8700000000000001
0,0.020000000000000018,0.19,0.19999999999999998,0.505,1.54
0,0.51,0.32999999999999996,0.65,0.47,1.4900000000000002
0,0.03999999999999998,0.12000000000000005,0.28,0.7240000000000001,0.5099999999999999
0,0.04999999999999999,0.59,0.73,0.575,1.1099999999999999
0,0.51,0.21000000000000002,0.040000000000000036,0.636,1.02
0,0.16000000000000003,0.010000000000000009,0.29999999999999993,0.5660000000000001,1.22
0,0.04999999999999999,0.18000000000000002,0.49,0.503,1.44
0,0.12000000000000005,0.010000000000000009,0.020000000000000018,0.733,0.8799999999999999
0,0.09999999999999998,0.33999999999999997,0.26000000000000006,0.5379999999999999,0.4299999999999999
0,0.21000000000000002,0.13,0.88,0.518,0.5100000000000001
1,0.06000000000000005,0.1,0.28,0.7759999999999999,1.1500000000000001
0,0.12000000000000005,0.48,0.1,0.247,1.0499999999999998
0,0.53,0.29000000000000004,0.010000000000000009,0.5,0.6700000000000002
0,0.48,0.08000000000000002,0.06000000000000005,0.47600000000000003,1.59
0,0.0,0.4799999999999999,0.020000000000000018,0.716,1.6400000000000001
0,0.08999999999999997,0.26,0.6100000000000001,0.56,1.2899999999999998
1,0.41000000000000003,0.46,0.009999999999999995,0.564,1.59
0,0.13999999999999996,0.3,0.15999999999999992,0.563,1.4
1,0.12,0.36000000000000004,0.12,0.6940000000000001,1.02
0,0.26,0.18999999999999995,0.18000000000000005,0.7170000000000001,0.6699999999999999
0,0.15000000000000002,0.19999999999999996,0.12,0.59,0.8300000000000001
0,0.12,0.07,0.32999999999999996,0.5770000000000001,1.23
0,0.09000000000000002,0.24,0.04999999999999999,0.619,0.99
0,0.08000000000000007,0.08000000000000007,0.38,0.858,0.76
1,0.27999999999999997,0.33000000000000007,0.6799999999999999,0.7290000000000001,0.67
0,0.18000000000000005,0.32,0.020000000000000018,0.461,1.5100000000000002
1,0.31999999999999995,0.020000000000000018,0.66,0.706,1.5799999999999998
0,0.17000000000000004,0.52,0.24999999999999997,0.742,0.79
0,0.040000000000000036,0.020000000000000018,0.33999999999999997,0.789,0.86
0,0.17999999999999997,0.3,0.25,0.654,0.9500000000000001
0,0.12,0.07999999999999996,0.8200000000000001,0.792,1.1
0,0.06000000000000005,0.20999999999999996,0.42,0.66,1.21
0,0.019999999999999962,0.83,0.10999999999999999,0.527,1.4
0,0.19,0.35,0.67,0.5479999999999999,1.65
0,0.010000000000000009,0.27999999999999997,0.39,0.7390000000000001,0.71
0,0.040000000000000036,0.22000000000000003,0.26,0.774,0.44000000000000006
0,0.24,0.6699999999999999,0.38000000000000006,0.628,0.8400000000000001
0,0.13,0.0,0.07,0.82,1.31
1,0.12,0.29,0.21999999999999997,0.721,0.9700000000000001
0,0.14,0.26999999999999996,0.4700000000000001,0.654,0.6299999999999999
0,0.20999999999999996,0.41000000000000003,0.25,0.654,0.8099999999999999
0,0.5700000000000001,0.41,0.10000000000000003,0.466,1.12
0,0.24,0.41999999999999993,0.25,0.578,0.9099999999999999
1,0.040000000000000036,0.12,0.1,0.779,0.71
0,0.31999999999999995,0.15999999999999998,0.65,0.636,1.18
0,0.13,0.35,0.2,0.514,1.3199999999999998
0,0.18000000000000005,0.26,0.19999999999999996,0.603,1.65
1,0.15999999999999992,0.030000000000000027,0.31999999999999995,0.943,0.7999999999999999
0,0.020000000000000018,0.29,0.22000000000000003,0.547,1.13
0,0.25,0.07999999999999996,0.19,0.763,1.3600000000000003
1,0.5399999999999999,0.020000000000000018,0.47,0.872,0.8799999999999999
0,0.30999999999999994,0.030000000000000027,0.13,0.741,0.74
0,0.12999999999999998,0.08999999999999997,0.14999999999999997,0.767,0.4000000000000001
0,0.33,0.040000000000000036,0.32999999999999996,0.467,1.98
1,0.06,0.43999999999999995,0.39,0.7390000000000001,1.02
0,0.13,0.5,0.41000000000000003,0.444,1.63
0,0.38,0.020000000000000018,0.06999999999999995,0.736,1.4
0,0.24,0.6900000000000001,0.06,0.513,1.1
0,0.16999999999999993,0.26999999999999996,0.17000000000000004,0.629,1.78
0,0.17000000000000004,0.07,0.08000000000000002,0.531,1.2400000000000002
1,0.29999999999999993,0.040000000000000036,0.26,0.685,0.84
0,0.16999999999999998,0.32000000000000006,0.48,0.573,1.3
0,0.15,0.27,0.49,0.574,1.1
0,0.06,0.08999999999999997,0.3,0.37799999999999995,0.8999999999999999
0,0.04999999999999993,0.30000000000000004,0.07999999999999996,0.7959999999999999,0.42999999999999994
0,0.050000000000000044,0.04999999999999993,0.5599999999999999,0.723,1.23
0,0.12,0.39,0.6399999999999999,0.485,0.9300000000000002
0,0.19999999999999998,0.72,0.13000000000000006,0.424,1.47
0,0.08000000000000007,0.020000000000000018,0.28,0.609,0.73
0,0.22999999999999998,0.030000000000000027,0.12999999999999998,0.494,1.25
0,0.09999999999999998,0.21000000000000008,0.81,0.47600000000000003,1.4500000000000002
0,0.04999999999999999,0.56,0.1399999999999999,0.537,1.3599999999999999
0,0.020000000000000018,0.35,0.05999999999999994,0.649,1.21
0,0.1299999999999999,0.18000000000000005,0.25999999999999995,0.613,1.51
1,0.06999999999999995,0.45999999999999996,0.42999999999999994,0.7609999999999999,1.4100000000000001
0,0.5599999999999999,0.010000000000000009,0.02999999999999997,0.508,1.75
1,0.14,0.12,0.0,0.595,0.9099999999999999
1,0.25,0.010000000000000009,0.27,0.887,0.55
0,0.10999999999999999,0.08000000000000002,0.12,0.728,1.42
0,0.41000000000000003,0.019999999999999907,0.21000000000000002,0.621,1.02
0,0.25999999999999995,0.27,0.010000000000000009,0.774,1.07
0,0.12,0.16000000000000003,0.48000000000000004,0.6779999999999999,1.8599999999999999
1,0.33999999999999997,0.020000000000000018,0.15,0.8190000000000001,0.8
0,0.06,0.6000000000000001,0.039999999999999925,0.539,0.8599999999999999
0,0.6,0.12,0.45000000000000007,0.5479999999999999,0.6700000000000002
0,0.04999999999999999,0.04999999999999999,0.58,0.557,1.4699999999999998
0,0.13999999999999996,0.09999999999999998,0.46,0.638,0.6399999999999999
0,0.18000000000000005,0.21999999999999997,0.5,0.626,0.98
0,0.27,0.04999999999999993,0.03999999999999998,0.787,0.47
0,0.19,0.17999999999999994,0.15999999999999998,0.762,1.2799999999999998
0,0.5,0.33000000000000007,0.020000000000000018,0.504,1.7200000000000002
1,0.08999999999999997,0.25,0.14999999999999997,0.88,0.7399999999999998
0,0.07000000000000006,0.6000000000000001,0.10999999999999999,0.659,0.5599999999999999
0,0.12,0.44,0.29000000000000004,0.629,1.17
0,0.09999999999999998,0.050000000000000044,0.08999999999999997,0.616,1.73
0,0.31,0.14999999999999997,0.22999999999999993,0.633,1.18
0,0.22000000000000003,0.020000000000000018,0.42000000000000004,0.687,1.61
0,0.35,0.5700000000000001,0.030000000000000027,0.374,0.9199999999999998
0,0.29,0.05999999999999994,0.72,0.557,0.5700000000000001
0,0.019999999999999962,0.22000000000000003,0.42,0.696,0.6600000000000001
0,0.18,0.41000000000000003,0.2899999999999999,0.622,0.76
1,0.050000000000000044,0.29000000000000004,0.22999999999999998,0.691,1.58
1,0.08999999999999997,0.25999999999999995,0.25,0.763,1.2200000000000002
0,0.30000000000000004,0.15000000000000002,0.12,0.584,1.0
1,0.13,0.26999999999999996,0.33000000000000007,0.523,0.66
0,0.10999999999999999,0.2799999999999999,0.07999999999999996,0.61,0.6500000000000001
1,0.11000000000000004,0.14,0.31000000000000005,0.657,0.48999999999999994
0,0.21999999999999997,0.10000000000000003,0.06999999999999995,0.636,0.74
0,0.15999999999999998,0.27,0.53,0.7979999999999999,1.0499999999999998
0,0.38,0.020000000000000018,0.0,0.631,1.26
0,0.5399999999999999,0.76,0.040000000000000036,0.526,0.8099999999999999
0,0.12,0.47,0.18999999999999995,0.597,0.72
1,0.44000000000000006,0.35000000000000003,0.5900000000000001,0.5529999999999999,1.63
0,0.030000000000000027,0.25,0.68,0.603,0.8400000000000001
0,0.32,0.25999999999999995,0.6000000000000001,0.546,0.97
0,0.1399999999999999,0.32999999999999996,0.31,0.489,1.18
0,0.08000000000000002,0.82,0.23000000000000004,0.545,0.84
0,0.11000000000000004,0.14,0.040000000000000036,0.78,0.73
0,0.67,0.29,0.27,0.46,0.9199999999999999
0,0.2,0.020000000000000018,0.54,0.5489999999999999,0.89
0,0.26,0.23000000000000004,0.15000000000000002,0.532,0.73
0,0.24999999999999994,0.48000000000000004,0.21999999999999997,0.64,1.84
1,0.24000000000000005,0.37,0.21,0.626,1.2
1,0.26,0.12000000000000005,0.22999999999999998,0.667,1.16
0,0.13,0.030000000000000027,0.32,0.619,1.25
1,0.06000000000000005,0.08000000000000002,0.07999999999999999,0.8170000000000001,1.04
0,0.13999999999999996,0.09999999999999998,0.26,0.483,0.6100000000000001
0,0.5700000000000001,0.07,0.53,0.546,1.37
0,0.20999999999999996,0.22999999999999998,0.10999999999999999,0.508,0.9299999999999999
0,0.42999999999999994,0.79,0.13,0.622,0.96
0,0.21999999999999997,0.010000000000000009,0.24,0.647,0.65
0,0.040000000000000036,0.35,0.44999999999999996,0.7120000000000001,1.1
0,0.25999999999999995,0.49,0.6200000000000001,0.514,1.18
0,0.11000000000000004,0.16999999999999998,0.06999999999999995,0.6940000000000001,0.9800000000000001
0,0.29,0.010000000000000009,0.21,0.5539999999999999,0.42
0,0.26999999999999996,0.04999999999999993,0.13999999999999996,0.789,1.6900000000000002
0,0.11000000000000004,0.05999999999999994,0.09999999999999998,0.5820000000000001,1.1199999999999999
0,0.26999999999999996,0.41,0.24,0.49,1.1600000000000001
0,0.29000000000000004,0.020000000000000018,0.22000000000000003,0.64,1.19
0,0.040000000000000036,0.21999999999999997,0.6699999999999999,0.6859999999999999,0.98
0,0.15999999999999998,0.4,0.15000000000000002,0.588,0.76
0,0.20000000000000007,0.29999999999999993,0.27,0.643,1.33
0,0.37,0.05999999999999994,0.68,0.6859999999999999,1.21
0,0.02999999999999997,0.040000000000000036,0.41,0.748,0.9799999999999999
1,0.08000000000000002,0.42,0.2,0.746,0.49999999999999994
0,0.38999999999999996,0.02999999999999997,0.62,0.593,1.4300000000000002
0,0.13999999999999996,0.15000000000000002,0.08000000000000002,0.5660000000000001,1.55
0,0.07999999999999996,0.06999999999999995,0.44,0.7090000000000001,1.14
0,0.32000000000000006,0.10999999999999999,0.6699999999999999,0.535,0.58
0,0.050000000000000044,0.13,0.040000000000000036,0.718,1.22
0,0.32000000000000006,0.2,0.27999999999999997,0.541,1.42
0,0.07,0.07000000000000006,0.22000000000000003,0.6459999999999999,0.37000000000000005
1,0.18,0.6,0.040000000000000036,0.73,1.0299999999999998
0,0.12,0.019999999999999962,0.43999999999999995,0.617,1.7599999999999998
0,0.12999999999999995,0.020000000000000018,0.010000000000000009,0.711,1.21
0,0.18,0.16000000000000003,0.33999999999999997,0.7090000000000001,0.6699999999999999
0,0.26,0.05999999999999994,0.030000000000000027,0.664,1.27
0,0.04999999999999999,0.06,0.010000000000000009,0.6829999999999999,1.31
0,0.15000000000000002,0.19000000000000006,0.13,0.6659999999999999,0.9800000000000001
1,0.07999999999999996,0.16000000000000003,0.07,0.7559999999999999,0.8500000000000001
1,0.10999999999999999,0.21999999999999997,0.46,0.718,1.04
0,0.25,0.35000000000000003,0.15999999999999998,0.441,1.5500000000000003
0,0.16999999999999993,0.12,0.12,0.642,1.4100000000000001
1,0.48000000000000004,0.13,0.3,0.595,0.8499999999999999
0,0.20999999999999996,0.020000000000000018,0.7799999999999999,0.561,0.73
0,0.28,0.57,0.13,0.514,0.98
1,0.29000000000000004,0.32,0.30999999999999994,0.7340000000000001,0.8200000000000001
0,0.03999999999999998,0.24999999999999994,0.58,0.531,1.18
0,0.18,0.54,0.15999999999999998,0.49700000000000005,0.84
0,0.43999999999999995,0.15999999999999998,0.47000000000000003,0.451,1.31
0,0.06,0.33,0.15000000000000002,0.67,1.5899999999999999
1,0.13,0.009999999999999981,0.13000000000000003,0.738,0.56
0,0.019999999999999907,0.15000000000000002,0.010000000000000009,0.6629999999999999,1.5899999999999999
0,0.48,0.12,0.42,0.627,0.49000000000000005
0,0.22,0.6200000000000001,0.25,0.598,0.5799999999999998
0,0.05999999999999994,0.7,0.15000000000000002,0.546,1.2
0,0.24000000000000005,0.15000000000000002,0.10000000000000003,0.475,1.41
0,0.05999999999999994,0.12000000000000005,0.41,0.66,1.75
1,0.16999999999999993,0.37999999999999995,0.28,0.88,0.52
0,0.35,0.34,0.26999999999999996,0.602,1.2399999999999998
1,0.13,0.24999999999999997,0.6399999999999999,0.575,1.15
0,0.15999999999999998,0.45,0.58,0.435,2.05
0,0.08999999999999997,0.09,0.65,0.602,0.62
0,0.53,0.46,0.37999999999999995,0.664,0.9099999999999999
1,0.43999999999999995,0.0,0.69,0.598,0.72
0,0.08000000000000007,0.33999999999999997,0.54,0.594,1.5099999999999998
0,0.16000000000000003,0.36000000000000004,0.16000000000000003,0.5579999999999999,1.38
0,0.009999999999999953,0.13,0.12,0.8220000000000001,0.6500000000000001
0,0.040000000000000036,0.33999999999999997,0.39,0.43799999999999994,0.8899999999999999
0,0.39999999999999997,0.10999999999999999,0.13999999999999996,0.5329999999999999,1.34
0,0.4,0.21000000000000002,0.6200000000000001,0.664,1.15
0,0.10999999999999999,0.46,0.5800000000000001,0.446,1.29
0,0.58,0.09999999999999998,0.22000000000000003,0.6779999999999999,0.5399999999999999
0,0.17000000000000004,0.18000000000000005,0.32000000000000006,0.522,1.17
0,0.12,0.32999999999999996,0.05999999999999994,0.485,1.78
0,0.22999999999999998,0.20999999999999996,0.31,0.68,1.23
1,0.04999999999999999,0.22000000000000003,0.06000000000000005,0.8029999999999999,0.3599999999999999
0,0.31000000000000005,0.26999999999999996,0.49,0.49,1.1600000000000001
0,0.32000000000000006,0.030000000000000027,0.6200000000000001,0.52,0.93
0,0.2700000000000001,0.31000000000000005,0.37,0.446,1.05
0,0.09000000000000002,0.07999999999999996,0.27,0.478,1.01
0,0.10999999999999999,0.05999999999999994,0.08000000000000007,0.6659999999999999,1.3900000000000001
0,0.030000000000000027,0.35,0.07,0.716,0.73
0,0.22000000000000003,0.43000000000000005,0.27,0.7090000000000001,0.42999999999999994
0,0.08999999999999997,0.22999999999999998,0.03999999999999998,0.622,1.25
0,0.10000000000000003,0.020000000000000018,0.30000000000000004,0.7609999999999999,1.42
0,0.32,0.31,0.16000000000000003,0.631,0.9799999999999998
0,0.08000000000000002,0.24999999999999994,0.28,0.6990000000000001,1.2000000000000002
0,0.11000000000000004,0.10999999999999999,0.11,0.589,0.9700000000000002
1,0.23000000000000004,0.12,0.7,0.546,0.98
1,0.4,0.47,0.06999999999999995,0.727,1.3300000000000003
0,0.06000000000000005,0.06999999999999995,0.01999999999999999,0.747,1.25
0,0.07,0.37000000000000005,0.06999999999999995,0.738,0.8499999999999999
0,0.16999999999999998,0.19999999999999996,0.010000000000000009,0.601,1.47
0,0.030000000000000027,0.010000000000000009,0.46,0.569,0.71
1,0.5,0.13,0.10999999999999999,0.741,0.58
0,0.02999999999999997,0.53,0.21999999999999997,0.6,0.52
0,0.26,0.73,0.41000000000000003,0.444,1.2400000000000002
0,0.16000000000000003,0.050000000000000044,0.25,0.6920000000000001,0.65
0,0.31,0.36,0.47,0.621,0.71
0,0.43,0.6799999999999999,0.10999999999999999,0.603,1.37
0,0.45,0.36,0.18000000000000002,0.584,0.7799999999999999
0,0.31999999999999995,0.36,0.41,0.53,1.48
0,0.02999999999999997,0.19000000000000006,0.13,0.6679999999999999,1.4299999999999997
0,0.13,0.68,0.030000000000000027,0.486,0.7700000000000001
0,0.07000000000000003,0.38,0.16000000000000003,0.633,1.1
0,0.33,0.10000000000000003,0.20999999999999996,0.5660000000000001,1.1400000000000001
1,0.13,0.48,0.07,0.569,0.9199999999999999
0,0.050000000000000044,0.04999999999999999,0.39,0.542,0.86
0,0.4,0.12,0.35000000000000003,0.537,1.02
0,0.0,0.03,0.010000000000000009,0.655,0.96
0,0.10999999999999999,0.020000000000000018,0.45,0.728,1.23
0,0.4099999999999999,0.10999999999999999,0.0,0.688,0.94
0,0.08999999999999997,0.06000000000000005,0.44,0.711,1.38
1,0.16000000000000003,0.67,0.09000000000000002,0.782,0.5900000000000001
0,0.17999999999999994,0.050000000000000044,0.39999999999999997,0.539,1.5599999999999998
0,0.25,0.18000000000000005,0.030000000000000027,0.562,1.4299999999999997
0,0.11999999999999994,0.46,0.08000000000000002,0.789,0.2799999999999999
1,0.08000000000000002,0.09000000000000001,0.14,0.76,0.44999999999999996
0,0.12,0.38,0.16999999999999998,0.526,1.01
1,0.35,0.38,0.019999999999999907,0.662,0.66
0,0.15000000000000002,0.16,0.20999999999999996,0.5429999999999999,0.7400000000000001
1,0.36,0.050000000000000044,0.43,0.691,0.91
1,0.10999999999999999,0.42000000000000004,0.35,0.563,1.2199999999999998
0,0.31,0.4,0.34,0.512,1.14
0,0.21999999999999997,0.37000000000000005,0.41,0.45899999999999996,1.04
0,0.06,0.21000000000000008,0.24,0.644,1.5
1,0.17000000000000004,0.06,0.3,0.8540000000000001,0.7499999999999999
0,0.13,0.41000000000000003,0.5399999999999999,0.619,1.2399999999999998
0,0.020000000000000018,0.16000000000000003,0.040000000000000036,0.775,0.9600000000000001
0,0.13,0.040000000000000036,0.4700000000000001,0.536,0.6099999999999998
0,0.36,0.44999999999999996,0.10999999999999999,0.431,1.34
1,0.18,0.34,0.69,0.8029999999999999,1.8900000000000001
0,0.009999999999999953,0.37,0.25000000000000006,0.5870000000000001,0.5700000000000002
1,0.20999999999999996,0.54,0.2,0.687,0.9299999999999999
0,0.09999999999999998,0.07,0.31000000000000005,0.563,1.14
0,0.42999999999999994,0.13,0.0,0.529,0.5399999999999999
1,0.07999999999999996,0.37999999999999995,0.6699999999999999,0.563,1.84
0,0.29,0.07999999999999996,0.18,0.711,0.54
0,0.24,0.35,0.14999999999999997,0.49200000000000005,0.68
0,0.28,0.20999999999999996,0.24,0.495,1.52
0,0.22000000000000003,0.42000000000000004,0.08000000000000002,0.589,0.6399999999999999
0,0.38,0.13,0.22000000000000008,0.708,1.21
0,0.08000000000000002,0.37,0.37999999999999995,0.6579999999999999,0.9400000000000003
0,0.07000000000000006,0.18000000000000005,0.18000000000000005,0.644,1.6799999999999997
0,0.010000000000000009,0.18000000000000005,0.04000000000000001,0.636,1.2500000000000002
0,0.18000000000000005,0.18000000000000005,0.15000000000000002,0.696,1.48
0,0.25999999999999995,0.45000000000000007,0.09,0.479,1.4499999999999997
0,0.06999999999999995,0.5,0.22999999999999998,0.512,1.4899999999999998
0,0.25,0.02999999999999997,0.5499999999999999,0.721,0.84
0,0.030000000000000027,0.0,0.15000000000000002,0.611,0.8999999999999999
0,0.20999999999999996,0.10999999999999999,0.55,0.414,0.7300000000000001
0,0.30000000000000004,0.52,0.22999999999999998,0.447,1.2400000000000002
0,0.30000000000000004,0.16999999999999998,0.050000000000000044,0.585,1.23
0,0.14,0.19,0.07000000000000006,0.855,0.67
0,0.28,0.04999999999999999,0.09999999999999998,0.628,1.92
0,0.18000000000000002,0.09000000000000002,0.29,0.664,1.35
0,0.04999999999999993,0.02999999999999997,0.010000000000000009,0.8170000000000001,1.02
0,0.34,0.63,0.6399999999999999,0.408,1.16
0,0.65,0.25000000000000006,0.030000000000000027,0.5760000000000001,1.11
0,0.58,0.22000000000000003,0.08999999999999997,0.38799999999999996,1.7100000000000002
1,0.010000000000000009,0.18,0.45,0.841,0.8300000000000001
1,0.4,0.36999999999999994,0.26,0.547,1.13
0,0.41000000000000003,0.45,0.7100000000000001,0.48700000000000004,1.24
0,0.25000000000000006,0.33000000000000007,0.14999999999999997,0.626,1.19
0,0.19999999999999996,0.51,0.59,0.521,0.98
0,0.16999999999999998,0.29,0.03999999999999998,0.6579999999999999,1.1800000000000002
1,0.27,0.13,0.43999999999999995,0.633,0.9299999999999999
0,0.05999999999999994,0.7,0.05999999999999994,0.617,1.5700000000000003
0,0.41,0.08000000000000002,0.28,0.509,1.03
0,0.41000000000000003,0.2,0.27,0.469,0.9400000000000001
0,0.18999999999999995,0.16999999999999998,0.33999999999999997,0.612,1.1600000000000001
0,0.3499999999999999,0.31000000000000005,0.37,0.591,1.22
0,0.25,0.010000000000000009,0.5700000000000001,0.61,1.1799999999999997
0,0.07,0.26,0.43999999999999995,0.507,1.1400000000000001
0,0.0,0.58,0.22999999999999998,0.619,1.54
1,0.48999999999999994,0.12,0.20999999999999996,0.594,1.4300000000000002
0,0.08000000000000002,0.43000000000000005,0.6200000000000001,0.555,1.3
1,0.19,0.27,0.6499999999999999,0.419,0.7500000000000001
0,0.25,0.83,0.030000000000000027,0.5870000000000001,1.33
1,0.32,0.62,0.5,0.597,0.64
0,0.62,0.91,0.13999999999999996,0.51,1.49
0,0.010000000000000009,0.039999999999999925,0.06999999999999995,0.701,0.69
0,0.32,0.020000000000000018,0.08999999999999997,0.56,2.1799999999999997
1,0.16000000000000003,0.08999999999999997,0.47000000000000003,0.815,0.6000000000000001
0,0.039999999999999925,0.21000000000000002,0.5800000000000001,0.44,1.1800000000000002
1,0.48,0.03999999999999998,0.09000000000000002,0.738,1.35
1,0.35000000000000003,0.41000000000000003,0.44999999999999996,0.7040000000000001,0.79
0,0.07,0.15000000000000002,0.33,0.802,0.7000000000000002
0,0.04999999999999999,0.43000000000000005,0.38,0.498,0.79
0,0.0,0.010000000000000009,0.06,0.716,1.18
0,0.24,0.48,0.18999999999999995,0.621,1.27
0,0.15000000000000002,0.43,0.5,0.5770000000000001,0.5
0,0.45,0.30000000000000004,0.29,0.693,0.7999999999999999
1,0.47000000000000003,0.20999999999999996,0.51,0.708,0.78
0,0.14,0.46,0.14,0.711,0.7999999999999998
0,0.029999999999999916,0.52,0.33999999999999997,0.748,1.08
0,0.18000000000000005,0.21000000000000002,0.06,0.649,1.2199999999999998
0,0.10000000000000009,0.16999999999999998,0.34,0.615,0.5299999999999999
0,0.35999999999999993,0.07999999999999999,0.49999999999999994,0.647,0.6299999999999999
0,0.44000000000000006,0.88,0.48999999999999994,0.521,1.71
0,0.27,0.2,0.73,0.642,1.1300000000000001
0,0.16000000000000003,0.28,0.93,0.6409999999999999,1.17
0,0.06999999999999995,0.27,0.49,0.696,0.94
0,0.30000000000000004,0.3600000000000001,0.4,0.502,1.6800000000000002
0,0.14,0.56,0.66,0.669,0.4
0,0.31000000000000005,0.17999999999999994,0.53,0.5589999999999999,0.81
0,0.03999999999999998,0.24999999999999997,0.11000000000000004,0.741,0.59
0,0.15000000000000002,0.47000000000000003,0.42,0.537,1.1799999999999997
0,0.10999999999999999,0.22999999999999998,0.38000000000000006,0.6459999999999999,0.33
0,0.040000000000000036,0.53,0.32999999999999996,0.39399999999999996,1.2
0,0.19000000000000006,0.31999999999999995,0.32,0.583,0.8900000000000001
0,0.03999999999999998,0.10999999999999999,0.71,0.621,1.86
0,0.08999999999999997,0.2,0.15999999999999998,0.73,0.8599999999999999
0,0.42000000000000004,0.09999999999999998,0.17,0.655,1.6800000000000002
0,0.06999999999999995,0.21000000000000002,0.19,0.6629999999999999,0.52
0,0.24,0.12,0.5,0.619,0.3100000000000001
0,0.11999999999999994,0.030000000000000027,0.47,0.6579999999999999,0.7599999999999999
1,0.37,0.0,0.18999999999999995,0.836,1.0
1,0.09000000000000002,0.44,0.10999999999999999,0.782,0.9400000000000001
0,0.36,0.07,0.12999999999999995,0.8109999999999999,0.93
0,0.6,0.26,0.4,0.45299999999999996,1.55
0,0.010000000000000009,0.20000000000000007,0.45999999999999996,0.757,0.56
0,0.06000000000000005,0.31000000000000005,0.5599999999999999,0.677,1.38
1,0.029999999999999916,0.37,0.6399999999999999,0.757,1.3
0,0.04999999999999999,0.25000000000000006,0.25,0.5760000000000001,0.7799999999999999
0,0.11999999999999994,0.03,0.48999999999999994,0.6759999999999999,1.34
1,0.17000000000000004,0.45999999999999996,0.10000000000000009,0.828,1.09
0,0.31999999999999995,0.1299999999999999,0.16000000000000003,0.825,0.98
0,0.36,0.33,0.3,0.632,0.8400000000000001
1,0.08000000000000007,0.08999999999999997,0.44999999999999996,0.847,1.38
0,0.35,0.27,0.29,0.63,0.7400000000000001
0,0.020000000000000018,0.14,0.44,0.664,1.31
1,0.02999999999999997,0.4,0.31999999999999995,0.71,0.6799999999999999
0,0.010000000000000009,0.1499999999999999,0.55,0.54,1.23
0,0.27999999999999997,0.27999999999999997,0.36000000000000004,0.708,1.18
0,0.36,0.2300000000000001,0.17000000000000004,0.578,1.02
0,0.3,0.5,0.010000000000000009,0.53,0.5399999999999999
0,0.08000000000000002,0.33000000000000007,0.27,0.5820000000000001,0.83
0,0.25,0.13,0.13,0.594,1.1099999999999999
0,0.040000000000000036,0.38999999999999996,0.08000000000000007,0.6559999999999999,0.9100000000000001
1,0.02999999999999997,0.16000000000000003,0.25999999999999995,0.898,0.7200000000000002
0,0.33,0.06999999999999995,0.04999999999999993,0.736,1.22
0,0.26999999999999996,0.05999999999999994,0.38,0.711,0.69
1,0.19,0.32999999999999996,0.52,0.7659999999999999,0.66
1,0.040000000000000036,0.10000000000000003,0.06999999999999995,0.8809999999999999,1.6400000000000001
1,0.010000000000000009,0.6799999999999999,0.4,0.6629999999999999,0.6399999999999999
0,0.25999999999999995,0.19999999999999998,0.12,0.595,1.34
0,0.32,0.33999999999999997,0.21999999999999997,0.634,0.83
0,0.07,0.040000000000000036,0.14,0.758,0.5
0,0.18,0.010000000000000009,0.10000000000000003,0.777,0.8500000000000001
0,0.64,0.06,0.13999999999999999,0.6659999999999999,0.85
0,0.49,0.06,0.86,0.374,0.7399999999999998
0,0.21000000000000002,0.32999999999999996,0.07,0.664,0.8899999999999999
0,0.040000000000000036,0.12,0.13000000000000006,0.7070000000000001,1.1500000000000001
1,0.06,0.07,0.10999999999999999,0.6970000000000001,1.94
1,0.48999999999999994,0.020000000000000018,0.15999999999999992,0.747,1.3000000000000003
0,0.33,0.06999999999999995,0.48,0.5820000000000001,1.28
0,0.10000000000000003,0.42000000000000004,0.32999999999999996,0.688,1.63
1,0.37,0.07999999999999999,0.0,0.632,0.9000000000000001
1,0.13999999999999996,0.41,0.26999999999999996,0.703,0.7400000000000001
0,0.10999999999999999,0.040000000000000036,0.52,0.794,0.5999999999999999
0,0.07999999999999996,0.36,0.44999999999999996,0.5,1.0
0,0.33999999999999997,0.43000000000000005,0.42999999999999994,0.371,0.73
0,0.06000000000000005,0.03999999999999998,0.08,0.8079999999999999,1.1300000000000001
0,0.12,0.33999999999999997,0.2899999999999999,0.795,0.8300000000000001
0,0.17000000000000004,0.30999999999999994,0.030000000000000027,0.735,0.8099999999999999
1,0.019999999999999962,0.21999999999999997,0.10999999999999999,0.955,0.5899999999999999
0,0.030000000000000027,0.09,0.35000000000000003,0.612,0.96
0,0.07,0.10999999999999999,0.27,0.669,1.07
0,0.20999999999999996,0.62,0.25,0.62,1.0499999999999998
0,0.37,0.43,0.46,0.451,0.85
0,0.17000000000000004,0.3,0.0,0.452,1.27
0,0.17000000000000004,0.46,0.41000000000000003,0.53,1.42
0,0.22999999999999998,0.47,0.26,0.527,1.4899999999999998
1,0.010000000000000009,0.27999999999999997,0.19000000000000006,0.823,1.04
0,0.34,0.020000000000000018,0.030000000000000027,0.66,1.1300000000000001
0,0.55,0.19999999999999996,0.30000000000000004,0.622,1.09
0,0.020000000000000018,0.25,0.13,0.643,1.14
0,0.15000000000000002,0.030000000000000027,0.49,0.6,1.06
1,0.15000000000000002,0.09999999999999998,0.009999999999999953,0.5920000000000001,1.0100000000000002
1,0.17000000000000004,0.2899999999999999,0.21000000000000002,0.7090000000000001,0.99
0,0.29000000000000004,0.1,0.16999999999999998,0.591,1.21
1,0.55,0.55,0.18000000000000005,0.598,0.7999999999999999
0,0.2,0.06000000000000005,0.15,0.5870000000000001,0.88
1,0.21,0.25000000000000006,0.7,0.6829999999999999,1.2000000000000002
0,0.39999999999999997,0.26999999999999996,0.43,0.6659999999999999,0.84
1,0.13999999999999996,0.24,0.33999999999999997,0.7140000000000001,0.5499999999999999
0,0.41000000000000003,0.06000000000000005,0.36000000000000004,0.628,1.58
0,0.010000000000000009,0.17999999999999994,0.38999999999999996,0.755,1.5
0,0.040000000000000036,0.08999999999999997,0.18999999999999995,0.643,1.48
1,0.15000000000000002,0.15000000000000002,0.14000000000000007,0.838,0.42000000000000004
0,0.42000000000000004,0.030000000000000027,0.61,0.562,0.6099999999999999
0,0.33,0.25,0.46,0.665,1.0
0,0.0,0.36,0.39,0.7490000000000001,0.49
0,0.06999999999999995,0.19999999999999996,0.04999999999999993,0.632,1.4
0,0.34,0.48000000000000004,0.020000000000000018,0.501,1.25
1,0.009999999999999953,0.010000000000000009,0.5900000000000001,0.643,0.8
1,0.6900000000000001,0.09,0.29,0.725,1.2799999999999998
0,0.30999999999999994,0.45999999999999996,0.67,0.5920000000000001,1.0699999999999998
0,0.52,0.19999999999999996,0.30999999999999994,0.5479999999999999,0.8999999999999999
1,0.25,0.42,0.07999999999999999,0.807,0.81
0,0.03999999999999998,0.52,0.39,0.37200000000000005,1.78
1,0.04999999999999999,0.20000000000000007,0.45,0.779,0.8099999999999998
0,0.06000000000000005,0.21999999999999997,0.09999999999999998,0.7140000000000001,1.0800000000000003
1,0.030000000000000027,0.26,0.23,0.8059999999999999,1.42
0,0.35000000000000003,0.09999999999999998,0.12,0.622,0.6399999999999999
0,0.04999999999999999,0.27999999999999997,0.14,0.444,1.4999999999999998
0,0.07,0.11000000000000001,0.47,0.588,0.8400000000000001
0,0.18,0.14,0.14,0.637,0.9499999999999998
0,0.04999999999999993,0.17000000000000004,0.6000000000000001,0.645,1.4600000000000002
0,0.16000000000000003,0.16999999999999993,0.26,0.6509999999999999,0.98
0,0.33,0.05999999999999994,0.25000000000000006,0.586,1.3600000000000003
0,0.08000000000000002,0.43,0.46,0.594,1.17
0,0.08000000000000002,0.55,0.44999999999999996,0.486,1.32
0,0.52,0.32,0.31000000000000005,0.612,1.37
0,0.21999999999999997,0.43000000000000005,0.79,0.514,0.54
0,0.25999999999999995,0.31000000000000005,0.4,0.649,1.0999999999999999
0,0.07999999999999996,0.35,0.03999999999999998,0.741,0.5700000000000001
0,0.040000000000000036,0.26,0.04999999999999999,0.653,0.73
0,0.2,0.26,0.51,0.5760000000000001,0.52
0,0.29000000000000004,0.1399999999999999,0.04999999999999999,0.564,0.75
0,0.24,0.16000000000000003,0.33000000000000007,0.613,1.33
0,0.12,0.38,0.22000000000000003,0.557,1.19
0,0.24000000000000002,0.24,0.28,0.48200000000000004,2.09
0,0.35999999999999993,0.4600000000000001,0.19999999999999996,0.41700000000000004,1.0699999999999998
0,0.10999999999999999,0.27,0.66,0.627,0.82
0,0.21999999999999997,0.37,0.24,0.537,0.8099999999999999
1,0.33999999999999997,0.0,0.26999999999999996,0.708,1.1800000000000002
0,0.10999999999999999,0.15999999999999998,0.15000000000000002,0.645,0.69
0,0.17000000000000004,0.19999999999999998,0.06,0.539,0.86
1,0.26999999999999996,0.45999999999999996,0.33000000000000007,0.5429999999999999,1.21
0,0.64,0.18,0.12,0.489,1.07
0,0.21999999999999997,0.12,0.41999999999999993,0.574,1.15
1,0.21000000000000002,0.24000000000000005,0.24,0.812,0.56
1,0.02999999999999997,0.26,0.28,0.698,1.3000000000000003
0,0.23000000000000004,0.7300000000000001,0.07000000000000006,0.503,0.9100000000000001
0,0.06000000000000005,0.07999999999999999,0.19999999999999996,0.5820000000000001,1.1900000000000002
0,0.010000000000000009,0.57,0.32999999999999996,0.505,0.48
0,0.08999999999999997,0.020000000000000018,0.13,0.8590000000000001,0.7499999999999999
1,0.04999999999999993,0.050000000000000044,0.33,0.6859999999999999,1.87
0,0.17000000000000004,0.5,0.27,0.568,1.67
0,0.04999999999999999,0.43,0.19,0.76,1.2699999999999998
0,0.25,0.050000000000000044,0.020000000000000018,0.797,0.9700000000000001
0,0.48,0.13000000000000003,0.040000000000000036,0.527,1.7100000000000002
0,0.5599999999999999,0.010000000000000009,0.21999999999999997,0.5589999999999999,0.98
0,0.07,0.15000000000000002,0.24,0.664,0.6599999999999999
0,0.16999999999999993,0.28,0.08999999999999997,0.718,1.33
0,0.020000000000000018,0.43000000000000005,0.22999999999999998,0.74,1.1199999999999999
0,0.23,0.65,0.48000000000000004,0.494,1.18
1,0.43000000000000005,0.69,0.18,0.7190000000000001,1.74
0,0.27,0.17000000000000004,0.49,0.529,1.11
0,0.15000000000000002,0.08999999999999997,0.87,0.557,1.06
0,0.16000000000000003,0.18999999999999995,0.07999999999999996,0.633,1.1500000000000001
1,0.25999999999999995,0.019999999999999962,0.71,0.748,0.6500000000000001
0,0.06999999999999995,0.04999999999999999,0.21,0.728,0.8700000000000001
0,0.42000000000000004,0.09999999999999998,0.16,0.664,1.2200000000000002
0,0.29999999999999993,0.10999999999999999,0.33000000000000007,0.612,1.1300000000000001
0,0.08999999999999997,0.21999999999999997,0.10999999999999999,0.585,1.02
1,0.36,0.16000000000000003,0.27999999999999997,0.706,0.5700000000000001
1,0.09000000000000002,0.26,0.32999999999999996,0.7859999999999999,0.45000000000000007
0,0.41000000000000003,0.15000000000000002,0.18,0.503,0.7499999999999999
0,0.07999999999999999,0.22,0.3,0.7170000000000001,0.64
0,0.04999999999999999,0.75,0.030000000000000027,0.539,1.35
1,0.19,0.3,0.04999999999999999,0.755,0.8500000000000001
1,0.58,0.030000000000000027,0.12,0.83,0.5
1,0.12,0.08000000000000002,0.12999999999999995,0.703,0.66
1,0.16000000000000003,0.39,0.36,0.8290000000000001,0.5400000000000001
0,0.07,0.14999999999999997,0.08999999999999997,0.555,1.15
0,0.14000000000000007,0.25,0.05999999999999994,0.7240000000000001,1.29
0,0.23,0.2899999999999999,0.030000000000000027,0.713,0.87
0,0.33999999999999997,0.07,0.21000000000000008,0.505,1.3800000000000001
0,0.6000000000000001,0.51,0.21000000000000002,0.307,1.77
0,0.06000000000000005,0.11000000000000001,0.08000000000000002,0.875,1.2999999999999998
0,0.39,0.10000000000000003,0.24,0.508,0.7299999999999999
0,0.30000000000000004,0.16999999999999993,0.55,0.591,0.42999999999999994
0,0.22999999999999998,0.020000000000000018,0.26,0.655,1.33
0,0.0,0.08999999999999997,0.13,0.7440000000000001,0.63
1,0.2,0.15,0.14999999999999997,0.7440000000000001,1.57
0,0.26,0.14000000000000007,0.49,0.563,0.65
1,0.38999999999999996,0.06999999999999995,0.68,0.522,1.5499999999999998
0,0.24,0.44,0.06999999999999995,0.546,1.48
0,0.13,0.41999999999999993,0.31999999999999995,0.34,0.9500000000000001
0,0.25,0.14,0.24,0.6779999999999999,0.33999999999999997
0,0.010000000000000009,0.33,0.02999999999999997,0.698,0.91
0,0.15000000000000002,0.48,0.07999999999999996,0.58,0.3000000000000001
0,0.08999999999999997,0.33000000000000007,0.020000000000000018,0.631,1.74
0,0.38999999999999996,0.07,0.13,0.569,1.4700000000000002
1,0.07,0.59,0.24,0.677,0.7200000000000002
1,0.020000000000000018,0.4,0.30000000000000004,0.773,1.8000000000000003
0,0.32999999999999996,0.44,0.050000000000000044,0.433,1.4799999999999998
0,0.11000000000000004,0.18999999999999995,0.16000000000000003,0.6659999999999999,1.3099999999999998
0,0.010000000000000009,0.21999999999999997,0.02999999999999997,0.645,0.9800000000000001
0,0.30999999999999994,0.46,0.13,0.524,0.5700000000000001
0,0.26,0.64,0.38,0.524,1.1
0,0.08999999999999997,0.020000000000000018,0.040000000000000036,0.581,0.6200000000000001
0,0.040000000000000036,0.12,0.38,0.601,1.04
0,0.39,0.21999999999999997,0.57,0.647,0.45
0,0.02999999999999997,0.10999999999999999,0.39999999999999997,0.684,0.9299999999999999
0,0.23000000000000004,0.050000000000000044,0.37,0.665,0.5499999999999999
1,0.07,0.52,0.51,0.716,0.8300000000000001
0,0.20000000000000007,0.5,0.06000000000000005,0.583,0.6000000000000001
0,0.3,0.16999999999999993,0.29000000000000004,0.564,1.47
0,0.20999999999999996,0.07,0.09000000000000002,0.797,0.6400000000000001
0,0.30000000000000004,0.39,0.07,0.518,0.56
0,0.07999999999999996,0.38,0.13,0.622,1.3299999999999998
0,0.24000000000000005,0.44,0.51,0.61,1.26
0,0.07,0.51,0.37,0.639,0.9099999999999999
0,0.030000000000000027,0.09999999999999998,0.26,0.68,0.4600000000000001
0,0.15000000000000002,0.58,0.3400000000000001,0.519,1.1099999999999999
1,0.039999999999999925,0.6599999999999999,0.10999999999999999,0.8,0.97
0,0.24000000000000005,0.21000000000000008,0.13,0.568,1.25
0,0.29999999999999993,0.08000000000000002,0.09000000000000002,0.809,0.6300000000000001
0,0.040000000000000036,0.07999999999999996,0.27999999999999997,0.38799999999999996,1.27
0,0.4,0.19,0.03999999999999998,0.657,0.6799999999999999
0,0.040000000000000036,0.22999999999999998,0.26999999999999996,0.615,0.68
0,0.020000000000000018,0.2,0.16999999999999998,0.611,0.39
0,0.08999999999999997,0.24999999999999997,0.61,0.7490000000000001,0.7400000000000001
0,0.22999999999999998,0.35,0.010000000000000009,0.649,0.5
0,0.17000000000000004,0.35,0.14,0.614,1.28
0,0.11000000000000004,0.13999999999999996,0.07999999999999996,0.557,1.44
1,0.3,0.07,0.15999999999999998,0.905,0.5399999999999999
0,0.06,0.040000000000000036,0.08999999999999997,0.665,1.0599999999999998
0,0.6,0.33999999999999997,0.62,0.424,2.0599999999999996
1,0.1399999999999999,0.27999999999999997,0.21999999999999997,0.6729999999999999,1.23
0,0.040000000000000036,0.6,0.06000000000000001,0.6679999999999999,1.0999999999999999
1,0.15000000000000002,0.020000000000000018,0.24000000000000005,0.735,0.9099999999999999
0,0.29000000000000004,0.31,0.2899999999999999,0.44799999999999995,1.6700000000000002
1,0.22000000000000003,0.19999999999999996,0.39999999999999997,0.722,0.97
1,0.23000000000000004,0.07,0.04999999999999999,0.8170000000000001,0.5299999999999999
0,0.31999999999999995,0.58,0.31000000000000005,0.5529999999999999,1.21
0,0.030000000000000027,0.5,0.05999999999999994,0.537,1.1800000000000002
0,0.09000000000000002,0.029999999999999916,0.17,0.7190000000000001,1.06
1,0.09999999999999998,0.3500000000000001,0.08999999999999997,0.595,1.1900000000000002
0,0.12,0.31999999999999995,0.3999999999999999,0.703,0.86
1,0.48,0.52,0.38,0.531,0.77
0,0.32,0.06000000000000005,0.78,0.596,0.9700000000000001
0,0.27999999999999997,0.18000000000000002,0.18999999999999997,0.537,1.12
0,0.010000000000000009,0.19,0.69,0.591,1.39
0,0.47,0.02999999999999997,0.09000000000000002,0.605,1.48
0,0.49,0.23,0.44999999999999996,0.402,1.29
0,0.17999999999999994,0.06000000000000005,0.46,0.736,1.42
0,0.020000000000000018,0.32000000000000006,0.64,0.612,1.15
1,0.35999999999999993,0.77,0.22,0.521,1.32
0,0.010000000000000009,0.6000000000000001,0.16999999999999998,0.617,0.75
0,0.04999999999999993,0.18999999999999995,0.19000000000000006,0.6629999999999999,0.8200000000000001
1,0.009999999999999953,0.44999999999999996,0.5299999999999999,0.7070000000000001,0.9500000000000002
0,0.07,0.54,0.1,0.518,1.07
0,0.19000000000000006,0.30000000000000004,0.35000000000000003,0.52,1.65
1,0.10000000000000003,0.4,0.030000000000000027,0.6809999999999999,1.6100000000000003
0,0.04999999999999999,0.05999999999999994,0.19000000000000003,0.79,1.18
0,0.06000000000000005,0.43,0.35000000000000003,0.72,0.59
0,0.030000000000000027,0.3400000000000001,0.12,0.531,1.33
0,0.010000000000000009,0.2400000000000001,0.09999999999999998,0.635,1.6
0,0.31999999999999995,0.17000000000000004,0.05000000000000002,0.501,0.8
1,0.019999999999999907,0.27,0.5399999999999999,0.6629999999999999,1.4100000000000001
1,0.06,0.45999999999999996,0.12,0.723,1.4
0,0.06000000000000005,0.12000000000000002,0.17000000000000004,0.5379999999999999,1.15
1,0.43,0.0,0.37999999999999995,0.737,0.3299999999999999
0,0.28,0.15,0.14000000000000007,0.625,1.6400000000000001
0,0.08999999999999997,0.14,0.009999999999999953,0.6659999999999999,0.7700000000000001
0,0.019999999999999962,0.72,0.81,0.5820000000000001,0.6100000000000001
1,0.3,0.38,0.32999999999999996,0.611,1.52
0,0.040000000000000036,0.6100000000000001,0.27,0.638,1.1
1,0.0,0.20000000000000007,0.5900000000000001,0.5529999999999999,1.2399999999999998
0,0.09999999999999998,0.11000000000000001,0.48000000000000004,0.7390000000000001,0.6700000000000002
0,0.030000000000000027,0.52,0.0,0.6629999999999999,0.18999999999999997
0,0.34,0.48,0.040000000000000036,0.465,1.0699999999999998
0,0.09000000000000008,0.44000000000000006,0.020000000000000018,0.61,1.31
0,0.06,0.44,0.44999999999999996,0.6559999999999999,1.2799999999999998
1,0.18,0.5,0.09999999999999998,0.696,1.31
0,0.25000000000000006,0.36,0.020000000000000018,0.494,1.28
0,0.6000000000000001,0.10999999999999999,0.0,0.7290000000000001,0.5000000000000001
0,0.10999999999999999,0.040000000000000036,0.14999999999999997,0.6709999999999999,0.19999999999999984
0,0.020000000000000018,0.7999999999999999,0.30000000000000004,0.434,1.65
1,0.06999999999999995,0.20999999999999996,0.12,0.8440000000000001,0.98
0,0.030000000000000027,0.29000000000000004,0.25,0.619,0.79
0,0.0,0.47,0.35,0.638,0.99
1,0.010000000000000009,0.33,0.15000000000000002,0.6729999999999999,1.4600000000000002
0,0.0,0.6499999999999999,0.10000000000000003,0.5379999999999999,0.8500000000000001
0,0.24000000000000005,0.6100000000000001,0.36000000000000004,0.474,0.56
0,0.09999999999999998,0.29000000000000004,0.10999999999999999,0.645,1.4700000000000002
0,0.09999999999999998,0.040000000000000036,0.22000000000000008,0.654,0.94
1,0.68,0.22000000000000008,0.16,0.5710000000000001,1.22
1,0.07,0.10999999999999999,0.53,0.851,0.61
0,0.06999999999999995,0.22999999999999998,0.29000000000000004,0.593,1.37
1,0.31,0.040000000000000036,0.5,0.737,0.5999999999999999
0,0.37000000000000005,0.47000000000000003,0.54,0.575,0.5800000000000001
0,0.02999999999999997,0.14,0.21999999999999997,0.677,1.27
0,0.010000000000000009,0.2,0.54,0.679,0.61
0,0.22000000000000003,0.3499999999999999,0.26,0.502,0.9800000000000001
0,0.3,0.4,0.6799999999999999,0.521,0.4999999999999999
0,0.13,0.3799999999999999,0.19999999999999996,0.584,0.79
0,0.26999999999999996,0.15000000000000002,0.07,0.529,0.87
0,0.010000000000000009,0.13000000000000006,0.29,0.652,1.12
1,0.35999999999999993,0.08000000000000002,0.30999999999999994,0.752,0.8800000000000001
0,0.47000000000000003,0.19,0.43,0.5670000000000001,0.92
0,0.24,0.08999999999999997,0.5,0.445,0.51
1,0.14,0.31000000000000005,0.32999999999999996,0.619,0.9000000000000001
1,0.04999999999999999,0.20999999999999996,0.030000000000000027,0.665,0.6900000000000001
0,0.17,0.13,0.24999999999999994,0.545,0.6799999999999999
1,0.22000000000000003,0.06999999999999998,0.25000000000000006,0.655,0.9400000000000001
0,0.13,0.79,0.3,0.467,0.95
0,0.43,0.030000000000000027,0.20999999999999996,0.5529999999999999,0.45000000000000007
0,0.10000000000000003,0.66,0.27,0.67,0.9800000000000002
0,0.09000000000000002,0.24,0.08000000000000002,0.522,1.56
0,0.07000000000000006,0.07999999999999996,0.36000000000000004,0.7140000000000001,1.3599999999999999
0,0.09000000000000002,0.2,0.39,0.524,0.87
0,0.06999999999999995,0.25,0.31,0.645,1.82
0,0.04999999999999993,0.16000000000000003,0.17000000000000004,0.758,1.2
0,0.09000000000000002,0.020000000000000018,0.14,0.7290000000000001,0.5399999999999999
1,0.32999999999999996,0.27999999999999997,0.75,0.6409999999999999,1.17
0,0.26999999999999996,0.45999999999999996,0.5,0.55,0.67
0,0.36999999999999994,0.019999999999999907,0.25,0.542,1.3399999999999999
0,0.17000000000000004,0.09999999999999998,0.27,0.687,1.1000000000000003
0,0.050000000000000044,0.05999999999999994,0.53,0.6779999999999999,0.59
0,0.13,0.06000000000000005,0.010000000000000009,0.75,1.08
1,0.26000000000000006,0.37,0.6100000000000001,0.659,0.9699999999999999
1,0.18,0.49,0.010000000000000009,0.8009999999999999,0.4699999999999999
0,0.32,0.45,0.45999999999999996,0.55,1.28
0,0.31000000000000005,0.32999999999999996,0.20999999999999996,0.691,0.39
0,0.30000000000000004,0.08000000000000007,0.6100000000000001,0.505,0.9600000000000002
0,0.030000000000000027,0.7000000000000001,0.31,0.589,1.0699999999999998
0,0.45,0.16999999999999993,0.12000000000000002,0.5579999999999999,0.45
1,0.30000000000000004,0.25,0.10999999999999999,0.625,0.8999999999999999
0,0.23999999999999994,0.55,0.41,0.633,0.5700000000000001
0,0.06999999999999995,0.22999999999999998,0.25,0.6759999999999999,1.3499999999999999
0,0.09000000000000002,0.62,0.27,0.53,0.8099999999999999
0,0.06999999999999995,0.38,0.05999999999999994,0.6679999999999999,1.0699999999999998
0,0.24000000000000002,0.22000000000000003,0.39,0.35600000000000004,1.19
1,0.27,0.10000000000000003,0.6699999999999999,0.679,1.11
0,0.0,0.37000000000000005,0.31,0.499,1.63
0,0.24000000000000005,0.32999999999999996,0.49,0.7290000000000001,1.2800000000000002
0,0.22000000000000003,0.17000000000000004,0.07999999999999996,0.693,1.3599999999999999
0,0.030000000000000027,0.09,0.030000000000000027,0.8029999999999999,0.9300000000000002
0,0.33,0.26,0.41000000000000003,0.573,1.25
0,0.050000000000000044,0.12,0.23000000000000004,0.8390000000000001,1.41
0,0.16000000000000003,0.39,0.16999999999999998,0.49200000000000005,1.12
0,0.13,0.04999999999999999,0.21999999999999997,0.568,0.7300000000000001
0,0.38,0.52,0.30000000000000004,0.5529999999999999,0.66
0,0.42000000000000004,0.21999999999999997,0.24,0.6509999999999999,0.95
0,0.36000000000000004,0.22999999999999998,0.48000000000000004,0.35200000000000004,1.4300000000000002
0,0.15999999999999998,0.49000000000000005,0.10999999999999999,0.451,1.8699999999999999
0,0.17000000000000004,0.43000000000000005,0.44,0.527,1.1400000000000001
0,0.3400000000000001,0.010000000000000009,0.52,0.45899999999999996,0.8300000000000001
1,0.04999999999999999,0.37,0.36999999999999994,0.696,0.8999999999999999
0,0.8,0.15000000000000002,0.21000000000000008,0.499,0.9200000000000002
0,0.35000000000000003,0.15000000000000002,0.62,0.493,0.5499999999999999
0,0.050000000000000044,0.040000000000000036,0.49000000000000005,0.7170000000000001,1.18
0,0.58,0.51,0.16999999999999998,0.478,0.8999999999999999
0,0.2,0.29000000000000004,0.35000000000000003,0.695,0.9800000000000001
0,0.36,0.29,0.05999999999999994,0.597,0.57
0,0.6,0.65,0.09999999999999998,0.52,1.58
0,0.04999999999999999,0.18999999999999995,0.44000000000000006,0.779,1.0
0,0.10000000000000003,0.37,0.33999999999999997,0.805,0.51
1,0.19000000000000006,0.29000000000000004,0.45000000000000007,0.555,1.13
0,0.39,0.24999999999999997,0.16,0.584,0.51
1,0.030000000000000027,0.17000000000000004,0.81,0.648,1.3399999999999999
0,0.010000000000000009,0.04000000000000001,0.48000000000000004,0.638,1.5
0,0.03999999999999998,0.09999999999999998,0.3,0.7070000000000001,0.6200000000000001
1,0.02999999999999997,0.35,0.33,0.828,0.72
1,0.12,0.019999999999999907,0.39,0.927,0.8799999999999999
0,0.33999999999999997,0.18999999999999995,0.0,0.516,1.44
1,0.040000000000000036,0.29,0.06000000000000005,0.778,0.46
0,0.1499999999999999,0.030000000000000027,0.11999999999999997,0.75,0.16999999999999998
0,0.19999999999999996,0.19,0.54,0.617,1.4100000000000001
1,0.24000000000000002,0.27999999999999997,0.07,0.65,1.4100000000000001
1,0.11000000000000004,0.35,0.0,0.759,0.7599999999999999
0,0.08000000000000007,0.22000000000000003,0.33,0.54,0.96
0,0.08000000000000002,0.32999999999999996,0.05999999999999994,0.56,0.93
0,0.38,0.12,0.62,0.609,0.98
0,0.07,0.26,0.3,0.535,0.8099999999999999
0,0.65,0.32999999999999996,0.53,0.409,1.46
0,0.38,0.15999999999999998,0.15999999999999992,0.642,0.6599999999999999
0,0.06000000000000005,0.33,0.020000000000000018,0.685,0.7400000000000001
0,0.32999999999999996,0.06000000000000005,0.15000000000000002,0.5329999999999999,0.9799999999999999
0,0.18000000000000005,0.22999999999999998,0.73,0.624,0.55
1,0.5800000000000001,0.10999999999999999,0.27999999999999997,0.7340000000000001,1.88
0,0.28,0.030000000000000027,0.16999999999999998,0.561,1.23
0,0.16999999999999998,0.06,0.29000000000000004,0.521,1.07
0,0.33,0.10999999999999999,0.31999999999999995,0.58,0.9
0,0.10999999999999999,0.41000000000000003,0.09,0.596,1.06
0,0.08000000000000002,0.55,0.29000000000000004,0.5660000000000001,0.6399999999999999
1,0.06999999999999995,0.06999999999999995,0.15999999999999998,0.785,1.5
0,0.2,0.07,0.17000000000000004,0.755,0.77
0,0.49000000000000005,0.45,0.38,0.619,1.1399999999999997
0,0.010000000000000009,0.45,0.04999999999999999,0.7190000000000001,0.55
0,0.11999999999999994,0.23000000000000004,0.71,0.429,1.29
0,0.24,0.020000000000000018,0.23999999999999996,0.608,1.56
0,0.14000000000000007,0.42000000000000004,0.06,0.619,0.6100000000000001
0,0.44,0.17000000000000004,0.15000000000000002,0.485,1.3
0,0.14999999999999997,0.04999999999999999,0.020000000000000018,0.718,0.62
0,0.06999999999999995,0.0,0.040000000000000036,0.73,1.49
0,0.15000000000000002,0.33,0.04999999999999993,0.561,0.7500000000000001
0,0.020000000000000018,0.32,0.020000000000000018,0.54,1.18
0,0.43999999999999995,0.44,0.45999999999999996,0.608,0.82
0,0.26000000000000006,0.66,0.48999999999999994,0.588,0.43999999999999995
0,0.039999999999999925,0.61,0.15999999999999998,0.6459999999999999,1.11
0,0.010000000000000009,0.27,0.41000000000000003,0.682,1.39
0,0.45999999999999996,0.53,0.31,0.45299999999999996,1.06
0,0.009999999999999898,0.040000000000000036,0.12,0.736,0.54
0,0.54,0.30999999999999994,0.46,0.456,0.9100000000000001
1,0.53,0.21999999999999997,0.039999999999999925,0.654,1.03
0,0.13,0.53,0.17999999999999994,0.667,0.99
0,0.05999999999999994,0.21999999999999997,0.030000000000000027,0.759,1.7799999999999998
0,0.03999999999999998,0.25999999999999995,0.41000000000000003,0.7090000000000001,0.6900000000000002
0,0.009999999999999953,0.05999999999999994,0.17000000000000004,0.765,0.7199999999999998
0,0.26,0.010000000000000009,0.27,0.444,1.29
0,0.12,0.87,0.02999999999999997,0.42700000000000005,1.03
0,0.12,0.020000000000000018,0.42,0.638,1.03
0,0.32999999999999996,0.08999999999999997,0.22999999999999998,0.629,0.56
0,0.06000000000000005,0.26,0.02999999999999997,0.6679999999999999,1.1099999999999999
1,0.13999999999999996,0.15000000000000002,0.19999999999999996,0.7909999999999999,1.3900000000000001
0,0.38,0.03999999999999998,0.44000000000000006,0.594,2.08
0,0.030000000000000027,0.08000000000000007,0.04999999999999999,0.691,1.25
0,0.040000000000000036,0.45999999999999996,0.3999999999999999,0.649,0.54
1,0.29000000000000004,0.24,0.21000000000000002,0.649,1.34
1,0.24,0.17,0.6000000000000001,0.7140000000000001,0.9199999999999998
0,0.45,0.20999999999999996,0.43,0.56,0.93
1,0.35,0.21999999999999997,0.42999999999999994,0.6609999999999999,0.41999999999999993
0,0.09000000000000002,0.27,0.12999999999999998,0.617,1.08
1,0.51,0.010000000000000009,0.010000000000000009,0.629,1.0899999999999999
0,0.2,0.36,0.31,0.634,1.0500000000000003
1,0.29000000000000004,0.10000000000000003,0.30999999999999994,0.659,0.7300000000000001
0,0.030000000000000027,0.44,0.09999999999999998,0.601,0.6599999999999999
1,0.37,0.5599999999999999,0.08000000000000002,0.5529999999999999,0.94
1,0.019999999999999907,0.5,0.16999999999999998,0.733,0.8700000000000001
0,0.42,0.07999999999999996,0.16000000000000003,0.6920000000000001,1.15
0,0.31999999999999995,0.36,0.030000000000000027,0.513,1.3399999999999999
0,0.13,0.49000000000000005,0.09000000000000002,0.583,1.5700000000000003
0,0.18,0.4,0.12,0.636,1.6399999999999997
0,0.5800000000000001,0.53,0.19000000000000006,0.413,0.98
0,0.07999999999999996,0.19,0.0,0.6779999999999999,1.78
0,0.72,0.13,0.01999999999999999,0.644,0.9100000000000001
0,0.63,0.45,0.31999999999999995,0.44,0.67
0,0.12,0.2,0.49,0.698,0.9200000000000002
1,0.33999999999999997,0.010000000000000009,0.17999999999999994,0.778,0.5
0,0.27,0.010000000000000009,0.18999999999999995,0.721,0.6499999999999999
1,0.39999999999999997,0.5900000000000001,0.19999999999999996,0.7020000000000001,1.1
0,0.030000000000000027,0.63,0.19000000000000006,0.5539999999999999,1.1400000000000001
0,0.27,0.10999999999999999,0.06999999999999995,0.45299999999999996,1.1600000000000001
1,0.25,0.009999999999999981,0.010000000000000002,0.828,0.7999999999999999
0,0.10999999999999999,0.62,0.21000000000000002,0.473,0.6900000000000001
0,0.3,0.22999999999999998,0.59,0.594,1.4100000000000001
0,0.020000000000000018,0.29000000000000004,0.66,0.6859999999999999,1.07
1,0.37999999999999995,0.44000000000000006,0.48000000000000004,0.484,1.62
0,0.21999999999999997,0.20999999999999996,0.13999999999999996,0.563,0.7699999999999999
0,0.16999999999999998,0.03,0.030000000000000027,0.598,0.9900000000000001
1,0.050000000000000044,0.1499999999999999,0.04999999999999993,0.792,0.7100000000000002
0,0.28,0.6,0.37,0.39299999999999996,1.3599999999999999
0,0.07999999999999996,0.21999999999999997,0.19999999999999996,0.67,0.75
0,0.010000000000000009,0.22999999999999998,0.49999999999999994,0.542,1.62
0,0.48,0.26,0.03999999999999998,0.631,0.47000000000000003
0,0.09999999999999998,0.5,0.17000000000000004,0.715,0.41
0,0.49,0.020000000000000018,0.39,0.535,0.78
0,0.24,0.06,0.37,0.525,0.74
0,0.06999999999999995,0.12000000000000005,0.3,0.594,1.5299999999999998
0,0.21999999999999997,0.25,0.39,0.44799999999999995,1.35
0,0.18,0.27,0.24000000000000005,0.537,1.33
1,0.6699999999999999,0.24,0.17999999999999997,0.667,0.55
0,0.10999999999999999,0.27,0.6799999999999999,0.621,1.27
0,0.26,0.35,0.16999999999999998,0.747,1.6700000000000002
0,0.13999999999999996,0.020000000000000018,0.02999999999999997,0.7090000000000001,0.86
0,0.21999999999999997,0.45999999999999996,0.020000000000000018,0.611,1.3
0,0.16000000000000003,0.2,0.30000000000000004,0.723,0.43000000000000005
0,0.010000000000000009,0.22999999999999998,0.19999999999999996,0.644,0.6400000000000001
1,0.36,0.46,0.07000000000000006,0.521,1.1099999999999999
0,0.23000000000000004,0.020000000000000018,0.6599999999999999,0.536,0.81
1,0.52,0.36,0.45999999999999996,0.805,0.84
0,0.019999999999999907,0.33999999999999997,0.58,0.65,1.6900000000000002
0,0.18000000000000005,0.0,0.4,0.584,0.9899999999999999
0,0.27,0.12,0.51,0.706,0.9900000000000001
0,0.04999999999999999,0.13,0.41999999999999993,0.665,1.02
1,0.10000000000000009,0.0,0.08000000000000002,0.72,1.69
0,0.020000000000000018,0.19999999999999996,0.13,0.743,0.4799999999999999
1,0.15000000000000002,0.2,0.06000000000000005,0.8109999999999999,0.77
0,0.14,0.06999999999999998,0.04999999999999999,0.633,1.2399999999999998
0,0.010000000000000009,0.17999999999999994,0.030000000000000027,0.6779999999999999,0.9600000000000002
0,0.06,0.08000000000000007,0.18999999999999995,0.562,0.8999999999999999
0,0.19,0.17000000000000004,0.10000000000000003,0.726,1.66
0,0.020000000000000018,0.33,0.2,0.778,0.44
0,0.010000000000000009,0.34,0.06,0.53,1.39
0,0.17000000000000004,0.06,0.30000000000000004,0.525,1.1700000000000002
0,0.38,0.23999999999999996,0.0,0.509,0.6400000000000001
0,0.36,0.06999999999999995,0.07999999999999996,0.447,0.8499999999999999
0,0.06,0.29000000000000004,0.15999999999999998,0.603,0.5700000000000002
0,0.14,0.2799999999999999,0.5,0.6579999999999999,1.1
0,0.37,0.23000000000000004,0.10000000000000009,0.473,1.15
0,0.029999999999999916,0.010000000000000009,0.06999999999999995,0.731,0.42999999999999994
0,0.32999999999999996,0.15000000000000002,0.5499999999999999,0.49,0.6300000000000001
0,0.07999999999999996,0.06999999999999995,0.10999999999999999,0.632,1.51
0,0.16000000000000003,0.039999999999999925,0.04999999999999999,0.763,0.67
0,0.18,0.16999999999999993,0.43999999999999995,0.607,0.84
1,0.07,0.0,0.44,0.7090000000000001,1.27
0,0.10999999999999999,0.3,0.29000000000000004,0.57,0.79
0,0.09999999999999998,0.35,0.49,0.6679999999999999,1.2
0,0.27,0.38,0.020000000000000018,0.551,1.1700000000000002
1,0.020000000000000018,0.08999999999999997,0.46,0.8140000000000001,1.04
0,0.14,0.37999999999999995,0.51,0.59,0.8099999999999998
0,0.10999999999999999,0.14999999999999997,0.53,0.892,0.52
1,0.06999999999999995,0.63,0.42,0.578,1.25
0,0.13999999999999996,0.13999999999999996,0.03,0.843,0.6200000000000001
0,0.08999999999999997,0.49,0.16000000000000003,0.569,1.1
1,0.05999999999999994,0.43,0.33999999999999997,0.826,0.6599999999999999
1,0.21000000000000002,0.10000000000000009,0.23000000000000004,0.616,1.63
0,0.16000000000000003,0.22000000000000008,0.12,0.523,1.54
0,0.04999999999999999,0.04000000000000001,0.2699999999999999,0.473,2.04
0,0.14999999999999997,0.35,0.12,0.536,0.49
1,0.050000000000000044,0.12,0.6099999999999999,0.813,0.8400000000000001
0,0.02999999999999997,0.030000000000000027,0.26999999999999996,0.831,0.51
0,0.020000000000000018,0.38000000000000006,0.25999999999999995,0.622,1.26
0,0.47000000000000003,0.26,0.5599999999999999,0.442,0.95
0,0.06,0.21000000000000008,0.06999999999999995,0.768,1.2200000000000002
0,0.19000000000000006,0.37000000000000005,0.74,0.638,1.2900000000000003
0,0.14,0.28,0.060000000000000026,0.748,0.7499999999999999
0,0.49,0.62,0.0,0.375,1.4000000000000001
0,0.5599999999999999,0.6100000000000001,0.06,0.501,0.5199999999999999
0,0.020000000000000018,0.6799999999999999,0.5,0.5710000000000001,1.23
0,0.010000000000000009,0.01999999999999999,0.6499999999999999,0.782,1.4300000000000002
0,0.25,0.21999999999999997,0.5800000000000001,0.645,1.0099999999999998
0,0.08000000000000002,0.35000000000000003,0.12,0.56,1.8900000000000001
0,0.38,0.32999999999999996,0.33,0.473,1.09
0,0.030000000000000027,0.58,0.44,0.693,1.33
0,0.45,0.52,0.13999999999999996,0.579,1.15
0,0.14,0.08,0.76,0.5479999999999999,1.1800000000000002
0,0.34,0.29,0.13,0.688,0.6100000000000001
0,0.18000000000000005,0.17000000000000004,0.41,0.618,0.84
0,0.09999999999999998,0.5399999999999999,0.18000000000000002,0.7020000000000001,1.1600000000000001
0,0.10000000000000003,0.11000000000000004,0.48999999999999994,0.5579999999999999,1.26
1,0.24,0.1499999999999999,0.58,0.69,1.2800000000000002
1,0.34,0.040000000000000036,0.030000000000000027,0.623,1.01
0,0.16999999999999998,0.21999999999999997,0.51,0.606,0.97
0,0.18000000000000005,0.26999999999999996,0.82,0.40299999999999997,1.2799999999999998
0,0.12000000000000005,0.15999999999999998,0.25,0.5479999999999999,0.6799999999999999
0,0.12,0.04999999999999999,0.27,0.63,0.8600000000000001
0,0.09999999999999998,0.20999999999999996,0.15000000000000002,0.605,1.13
0,0.36000000000000004,0.039999999999999925,0.28,0.591,0.7299999999999999
1,0.039999999999999925,0.039999999999999925,0.26,0.8959999999999999,1.18
0,0.4600000000000001,0.15000000000000002,0.42000000000000004,0.551,0.43999999999999995
0,0.37000000000000005,0.24,0.4099999999999999,0.565,0.43000000000000016
1,0.21000000000000002,0.47000000000000003,0.16000000000000003,0.7509999999999999,1.06
0,0.03999999999999998,0.040000000000000036,0.35000000000000003,0.746,0.83
0,0.3400000000000001,0.18000000000000005,0.59,0.5920000000000001,1.07
0,0.25000000000000006,0.32,0.31000000000000005,0.6940000000000001,0.38999999999999996
0,0.48000000000000004,0.040000000000000036,0.31999999999999995,0.579,1.08
0,0.18000000000000005,0.13,0.15999999999999998,0.5479999999999999,0.7000000000000001
1,0.13,0.03999999999999998,0.5499999999999999,0.879,1.07
0,0.11999999999999997,0.14,0.030000000000000027,0.807,0.8099999999999999
1,0.10999999999999999,0.02999999999999997,0.32999999999999996,0.779,0.7400000000000001
0,0.009999999999999898,0.37,0.2,0.35200000000000004,2.01
0,0.27,0.06000000000000005,0.17000000000000004,0.539,1.69
0,0.08999999999999997,0.07000000000000006,0.29,0.6679999999999999,1.58
0,0.26,0.27,0.10000000000000003,0.598,1.6
1,0.04999999999999999,0.42,0.29,0.7929999999999999,1.87
0,0.21999999999999997,0.52,0.21999999999999997,0.657,0.9099999999999999
0,0.14000000000000007,0.050000000000000044,0.019999999999999962,0.583,0.98
0,0.03999999999999998,0.030000000000000027,0.23999999999999994,0.551,1.52
0,0.04999999999999999,0.24,0.41999999999999993,0.562,1.48
0,0.16000000000000003,0.48000000000000004,0.27,0.5870000000000001,1.8299999999999998
0,0.24000000000000002,0.029999999999999916,0.4,0.6759999999999999,1.6099999999999999
1,0.21000000000000002,0.27,0.21999999999999997,0.527,1.2999999999999998
0,0.22999999999999998,0.09,0.04999999999999999,0.6459999999999999,0.7400000000000001
0,0.05999999999999994,0.14,0.09999999999999998,0.635,1.62
0,0.32000000000000006,0.029999999999999916,0.06,0.5770000000000001,0.79
0,0.26999999999999996,0.45,0.29000000000000004,0.636,1.03
0,0.16999999999999998,0.38,0.18999999999999997,0.551,1.17
0,0.35000000000000003,0.45999999999999996,0.04999999999999999,0.508,1.31
1,0.13,0.010000000000000009,0.35,0.584,1.5699999999999998
1,0.23999999999999994,0.30000000000000004,0.27,0.727,0.53
0,0.09999999999999998,0.34,0.2699999999999999,0.547,0.94
0,0.21999999999999997,0.32999999999999996,0.010000000000000009,0.774,1.06
0,0.20999999999999996,0.020000000000000018,0.050000000000000044,0.49200000000000005,1.05
0,0.33999999999999997,0.19000000000000006,0.38,0.508,0.8500000000000001
0,0.010000000000000009,0.13999999999999996,0.3,0.591,1.57
0,0.42000000000000004,0.37,0.5800000000000001,0.47100000000000003,1.49
1,0.03999999999999998,0.09000000000000002,0.020000000000000018,0.902,1.0299999999999998
0,0.08999999999999997,0.08999999999999997,0.16,0.71,0.9400000000000001
0,0.10999999999999999,0.32000000000000006,0.15999999999999998,0.6409999999999999,1.3399999999999999
0,0.09999999999999998,0.54,0.09999999999999998,0.45399999999999996,0.74
0,0.38,0.17999999999999997,0.26,0.513,1.5899999999999999
0,0.17000000000000004,0.25,0.10999999999999999,0.5710000000000001,1.04
0,0.35,0.24,0.12,0.505,1.42
0,0.21999999999999997,0.12999999999999998,0.24999999999999994,0.61,1.31
0,0.06999999999999995,0.1499999999999999,0.26000000000000006,0.7,0.93
1,0.020000000000000018,0.77,0.04000000000000001,0.627,1.4000000000000001
0,0.040000000000000036,0.17000000000000004,0.21999999999999997,0.607,0.52
0,0.37,0.56,0.04999999999999999,0.589,0.8899999999999999
0,0.02999999999999997,0.39999999999999997,0.43999999999999995,0.602,1.7200000000000002
0,0.010000000000000009,0.13999999999999996,0.62,0.615,1.04
0,0.30000000000000004,0.13,0.1399999999999999,0.58,1.5799999999999998
0,0.28,0.07,0.48000000000000004,0.563,0.46
0,0.37,0.29,0.18,0.633,0.9500000000000001
0,0.33999999999999997,0.56,0.51,0.488,1.31
0,0.14,0.35000000000000003,0.36,0.632,0.67
0,0.38000000000000006,0.14,0.04000000000000001,0.561,1.46
1,0.55,0.17000000000000004,0.54,0.768,1.6700000000000002
1,0.18999999999999995,0.039999999999999994,0.10999999999999999,0.738,1.8
0,0.07,0.09999999999999998,0.5700000000000001,0.595,1.13
0,0.13,0.08999999999999997,0.2,0.466,1.49
1,0.16999999999999998,0.33999999999999997,0.07999999999999999,0.711,1.11
1,0.040000000000000036,0.33,0.13999999999999996,0.723,0.42
0,0.20999999999999996,0.30000000000000004,0.32000000000000006,0.64,1.0
0,0.020000000000000018,0.19,0.72,0.581,0.6799999999999999
0,0.15999999999999998,0.51,0.04999999999999999,0.765,0.42999999999999994
0,0.10999999999999999,0.16000000000000003,0.52,0.585,0.89
0,0.10000000000000003,0.02999999999999997,0.030000000000000027,0.753,0.3500000000000001
0,0.20999999999999996,0.44,0.19999999999999996,0.67,0.8099999999999999
1,0.10000000000000003,0.13,0.010000000000000009,0.7140000000000001,1.3900000000000001
0,0.16999999999999998,0.38,0.16999999999999993,0.665,0.9199999999999999
0,0.04999999999999999,0.53,0.14999999999999997,0.46799999999999997,1.37
1,0.15999999999999998,0.17999999999999994,0.6000000000000001,0.7390000000000001,0.9700000000000002
0,0.33999999999999997,0.25,0.09000000000000002,0.596,1.22
1,0.07000000000000006,0.32000000000000006,0.33999999999999997,0.614,1.5100000000000002
0,0.06999999999999995,0.04999999999999999,0.52,0.445,1.67
0,0.050000000000000044,0.31000000000000005,0.41000000000000003,0.629,1.27
0,0.17000000000000004,0.08,0.07,0.5529999999999999,0.38
0,0.19999999999999996,0.47,0.18,0.7020000000000001,1.1600000000000001
0,0.17000000000000004,0.37,0.16000000000000003,0.601,1.3900000000000001
0,0.06999999999999995,0.25999999999999995,0.16000000000000003,0.672,0.8399999999999999
0,0.010000000000000009,0.19000000000000006,0.18999999999999995,0.7659999999999999,1.43
0,0.26999999999999996,0.29000000000000004,0.32,0.703,1.0
0,0.37000000000000005,0.35,0.31,0.569,0.9199999999999999
0,0.23000000000000004,0.06,0.2699999999999999,0.504,1.4
0,0.05999999999999994,0.47,0.11000000000000004,0.504,1.2000000000000002
1,0.0,0.52,0.19999999999999996,0.6709999999999999,1.15
0,0.04999999999999993,0.050000000000000044,0.39999999999999997,0.682,1.18
0,0.35,0.26,0.010000000000000009,0.591,0.95
1,0.25,0.29999999999999993,0.16999999999999998,0.778,0.8900000000000001
0,0.15999999999999998,0.42,0.52,0.512,0.52
0,0.09999999999999998,0.05000000000000002,0.24999999999999994,0.7,0.49
0,0.12,0.44,0.050000000000000044,0.569,1.58
0,0.27,0.19000000000000006,0.28,0.5479999999999999,1.4100000000000001
1,0.13999999999999996,0.23000000000000004,0.15999999999999992,0.578,1.97
0,0.02999999999999997,0.32000000000000006,0.19,0.745,0.37
0,0.43999999999999995,0.05999999999999994,0.46,0.573,1.29
0,0.58,0.62,0.7200000000000001,0.35200000000000004,0.95
0,0.20000000000000007,0.33000000000000007,0.22,0.428,1.13
1,0.35000000000000003,0.16000000000000003,0.20999999999999996,0.635,1.1800000000000002
0,0.17000000000000004,0.06999999999999998,0.13,0.6629999999999999,1.66
0,0.020000000000000018,0.030000000000000027,0.08000000000000002,0.617,1.2000000000000002
0,0.08000000000000007,0.25000000000000006,0.040000000000000036,0.627,1.0
1,0.25000000000000006,0.18000000000000005,0.23,0.7040000000000001,1.2000000000000002
0,0.07,0.39000000000000007,0.010000000000000009,0.591,1.31
0,0.020000000000000018,0.08999999999999997,0.51,0.49,1.33
0,0.20999999999999996,0.14,0.0,0.612,0.74
0,0.07999999999999996,0.47,0.45999999999999996,0.617,1.14
1,0.08999999999999997,0.07000000000000006,0.48,0.696,1.2799999999999998
0,0.09000000000000002,0.37,0.26,0.659,1.4700000000000002
0,0.16999999999999998,0.26,0.31,0.6509999999999999,0.52
0,0.21000000000000002,0.5,0.48,0.511,1.58
1,0.2400000000000001,0.38,0.020000000000000018,0.794,1.1
0,0.15999999999999992,0.1499999999999999,0.2,0.6990000000000001,1.25
0,0.050000000000000044,0.07000000000000006,0.47000000000000003,0.753,1.4699999999999998
0,0.06999999999999995,0.09000000000000002,0.14,0.81,0.74
1,0.30999999999999994,0.22000000000000003,0.06,0.847,1.5499999999999998
1,0.08999999999999997,0.30000000000000004,0.08999999999999997,0.721,1.5999999999999999
0,0.14,0.27999999999999997,0.010000000000000009,0.612,0.9500000000000002
1,0.30999999999999994,0.41,0.59,0.701,1.4
0,0.23000000000000004,0.21000000000000002,0.0,0.6509999999999999,0.45000000000000007
0,0.49000000000000005,0.07000000000000006,0.19,0.557,1.5300000000000002
0,0.09000000000000002,0.14999999999999997,0.09999999999999998,0.7490000000000001,1.0899999999999999
0,0.6900000000000001,0.15000000000000002,0.14999999999999997,0.648,1.0100000000000002
0,0.09999999999999998,0.06999999999999999,0.08000000000000002,0.608,0.7200000000000001
0,0.09999999999999998,0.22999999999999998,0.040000000000000036,0.73,0.37999999999999995
0,0.20999999999999996,0.31999999999999995,0.6,0.518,1.2800000000000002
0,0.07,0.67,0.010000000000000009,0.6,1.5299999999999998
0,0.35,0.20999999999999996,0.03999999999999998,0.446,1.3299999999999998
0,0.07000000000000006,0.07,0.25,0.698,1.12
0,0.37,0.16000000000000003,0.1399999999999999,0.5579999999999999,0.9500000000000001
0,0.010000000000000009,0.37,0.27999999999999997,0.72,0.32000000000000006
0,0.35,0.51,0.31000000000000005,0.5710000000000001,1.3499999999999999
0,0.20999999999999996,0.17000000000000004,0.35,0.6990000000000001,0.78
0,0.61,0.09999999999999998,0.29,0.6709999999999999,0.97
0,0.12999999999999998,0.61,0.19,0.644,1.28
0,0.13,0.13999999999999999,0.25,0.574,1.1099999999999999
0,0.34,0.10999999999999999,0.43999999999999995,0.584,1.22
0,0.31,0.08000000000000002,0.06999999999999995,0.767,0.5
1,0.21000000000000008,0.46,0.5,0.513,1.4100000000000001
0,0.25,0.5399999999999999,0.06999999999999995,0.5760000000000001,0.6500000000000001
0,0.37,0.020000000000000018,0.75,0.5760000000000001,0.8999999999999999
0,0.13999999999999996,0.040000000000000036,0.18999999999999997,0.799,0.9400000000000001
0,0.35000000000000003,0.15000000000000002,0.38000000000000006,0.48200000000000004,0.85
0,0.03999999999999998,0.09000000000000008,0.22000000000000003,0.7190000000000001,1.58
0,0.11999999999999997,0.0,0.12,0.7170000000000001,1.1800000000000002
1,0.4,0.33,0.39000000000000007,0.748,0.77
0,0.040000000000000036,0.09,0.07000000000000006,0.595,1.83
0,0.3400000000000001,0.13999999999999999,0.23,0.466,0.86
0,0.0,0.06,0.16999999999999998,0.8029999999999999,0.66
1,0.39999999999999997,0.29000000000000004,0.0,0.653,1.43
0,0.27999999999999997,0.13,0.21999999999999997,0.659,0.8200000000000002
0,0.3500000000000001,0.31,0.06000000000000005,0.55,0.49000000000000016
0,0.15000000000000002,0.19,0.31999999999999995,0.611,0.8399999999999999
1,0.029999999999999916,0.04999999999999999,0.57,0.963,1.38
0,0.13,0.09999999999999998,0.41,0.581,0.68
0,0.15000000000000002,0.38999999999999996,0.13,0.49700000000000005,0.34999999999999987
0,0.11000000000000004,0.030000000000000027,0.31000000000000005,0.625,0.8700000000000001
1,0.33,0.0,0.07999999999999996,0.92,0.10999999999999988
0,0.28,0.49000000000000005,0.31000000000000005,0.5720000000000001,0.8599999999999999
0,0.10999999999999999,0.06,0.35,0.687,0.77
0,0.27999999999999997,0.42000000000000004,0.5,0.532,1.18
1,0.2,0.14,0.12,0.784,1.5
0,0.24000000000000005,0.1100000000000001,0.19000000000000006,0.648,1.5699999999999998
1,0.050000000000000044,0.13,0.44999999999999996,0.73,0.9999999999999999
0,0.32999999999999996,0.37000000000000005,0.56,0.544,0.89
0,0.36000000000000004,0.07999999999999996,0.050000000000000044,0.544,0.68
0,0.43,0.25,0.32,0.58,1.07
0,0.27,0.32999999999999996,0.020000000000000018,0.5589999999999999,1.1199999999999999
1,0.15000000000000002,0.02999999999999997,0.56,0.6709999999999999,1.08
0,0.0,0.08999999999999997,0.31999999999999995,0.6990000000000001,0.78
0,0.42000000000000004,0.07999999999999996,0.13,0.795,0.9599999999999999
0,0.04999999999999999,0.06000000000000005,0.21000000000000002,0.662,1.55
0,0.46,0.43999999999999995,0.13,0.56,0.6200000000000001
0,0.38,0.12,0.18999999999999995,0.674,1.59
0,0.17000000000000004,0.43999999999999995,0.04999999999999999,0.639,0.9499999999999998
1,0.13000000000000006,0.26,0.17000000000000004,0.6459999999999999,1.14
1,0.35000000000000003,0.43,0.03999999999999998,0.685,0.54
0,0.30000000000000004,0.20999999999999996,0.36,0.603,0.99
0,0.12,0.0,0.07,0.637,1.63
0,0.13000000000000006,0.14,0.33,0.627,0.9299999999999999
0,0.43,0.44,0.15999999999999998,0.534,1.43
1,0.41000000000000003,0.28,0.050000000000000044,0.764,1.0099999999999998
0,0.17000000000000004,0.22999999999999998,0.5,0.517,0.8899999999999999
1,0.09000000000000008,0.07,0.12,0.8059999999999999,0.6
0,0.10000000000000003,0.44999999999999996,0.16999999999999998,0.6729999999999999,1.17
0,0.23000000000000004,0.12,0.010000000000000009,0.7140000000000001,0.7799999999999999
0,0.19000000000000006,0.39,0.17999999999999997,0.723,0.6799999999999999
0,0.26,0.21999999999999997,0.21999999999999997,0.573,0.46999999999999986
0,0.12,0.19999999999999998,0.07,0.605,1.02
0,0.20000000000000007,0.010000000000000009,0.43000000000000005,0.5479999999999999,1.22
0,0.29,0.32999999999999996,0.14,0.5760000000000001,1.19
1,0.19999999999999996,0.09999999999999998,0.30000000000000004,0.795,0.9199999999999999
0,0.19999999999999996,0.45,0.6299999999999999,0.503,0.7999999999999999
0,0.41000000000000003,0.18000000000000005,0.65,0.445,1.96
0,0.18000000000000002,0.050000000000000044,0.26,0.545,0.85
0,0.19999999999999996,0.56,0.12,0.644,0.7
1,0.25,0.51,0.53,0.7490000000000001,0.7099999999999999
0,0.32,0.35000000000000003,0.010000000000000009,0.6,1.19
0,0.49,0.33,0.38,0.42,1.1400000000000001
0,0.15999999999999998,0.050000000000000044,0.040000000000000036,0.691,1.02
0,0.18999999999999995,0.020000000000000018,0.55,0.629,1.01
1,0.04999999999999999,0.19999999999999996,0.27,0.7120000000000001,0.61
0,0.31,0.10999999999999999,0.10000000000000003,0.615,1.81
1,0.10000000000000003,0.4700000000000001,0.22999999999999998,0.662,0.96
0,0.35,0.010000000000000009,0.20999999999999996,0.701,0.6799999999999999
1,0.08000000000000002,0.43,0.53,0.894,0.59
0,0.14999999999999997,0.14999999999999997,0.16999999999999998,0.667,1.56
0,0.22999999999999998,0.38,0.04999999999999999,0.517,0.68
0,0.04999999999999993,0.2,0.27,0.6679999999999999,1.1
0,0.43000000000000005,0.010000000000000009,0.08000000000000007,0.821,0.5399999999999998
0,0.06,0.21000000000000002,0.07999999999999996,0.6609999999999999,2.05
0,0.13999999999999996,0.12,0.31,0.655,0.7699999999999999
0,0.28,0.31,0.12999999999999995,0.534,1.22
0,0.56,0.51,0.039999999999999994,0.563,0.76
0,0.47,0.21999999999999997,0.21999999999999997,0.564,1.25
0,0.4,0.35000000000000003,0.7,0.62,1.06
1,0.08000000000000002,0.16000000000000003,0.050000000000000044,0.584,0.96
0,0.12,0.16999999999999993,0.07000000000000006,0.544,0.9099999999999999
0,0.040000000000000036,0.42,0.33999999999999997,0.693,0.5599999999999999
1,0.23999999999999994,0.24,0.28,0.6709999999999999,1.23
0,0.15000000000000002,0.5900000000000001,0.12,0.612,0.97
0,0.32,0.33,0.040000000000000036,0.611,0.5099999999999999
1,0.010000000000000009,0.03999999999999998,0.36,0.7170000000000001,1.7000000000000002
0,0.020000000000000018,0.1299999999999999,0.030000000000000027,0.682,1.02
0,0.36999999999999994,0.19,0.41000000000000003,0.6559999999999999,0.62
1,0.13,0.26999999999999996,0.15000000000000002,0.556,1.1099999999999999
0,0.18,0.29,0.14,0.562,1.14
0,0.33,0.08000000000000007,0.039999999999999925,0.545,1.5200000000000002
0,0.24,0.040000000000000036,0.37,0.638,0.75
0,0.41,0.20999999999999996,0.2899999999999999,0.511,1.05
0,0.02999999999999997,0.11000000000000004,0.42999999999999994,0.43,0.73
1,0.43999999999999995,0.17,0.10999999999999999,0.698,0.98
0,0.4,0.06999999999999998,0.32000000000000006,0.478,1.44
0,0.08999999999999997,0.37,0.06999999999999995,0.6809999999999999,0.88
1,0.26,0.47000000000000003,0.56,0.638,0.5
0,0.0,0.08000000000000002,0.10999999999999999,0.603,1.68
0,0.16999999999999998,0.11000000000000001,0.48000000000000004,0.659,1.3900000000000001
0,0.10000000000000003,0.08000000000000007,0.32999999999999996,0.626,0.74
0,0.18,0.44000000000000006,0.13,0.546,0.9300000000000002
1,0.08999999999999997,0.039999999999999925,0.54,0.63,1.1099999999999999
0,0.2,0.10999999999999999,0.53,0.516,1.61
0,0.020000000000000018,0.2799999999999999,0.53,0.795,0.3400000000000001
0,0.54,0.16000000000000003,0.020000000000000018,0.574,0.47000000000000014
0,0.5700000000000001,0.040000000000000036,0.21000000000000002,0.486,0.79
0,0.07999999999999996,0.38,0.22999999999999998,0.723,0.1600000000000001
0,0.48000000000000004,0.18000000000000002,0.03999999999999998,0.537,0.6499999999999999
1,0.07,0.09000000000000002,0.27,0.8029999999999999,1.6099999999999999
0,0.6,0.07000000000000006,0.44,0.655,0.8
1,0.19999999999999996,0.15000000000000002,0.39,0.982,0.8300000000000001
0,0.24999999999999997,0.08000000000000007,0.04999999999999999,0.818,0.8800000000000001
0,0.029999999999999916,0.07000000000000006,0.46,0.564,1.46
0,0.07000000000000006,0.010000000000000009,0.040000000000000036,0.648,0.9299999999999999
1,0.02999999999999997,0.20999999999999996,0.27,0.736,1.23
1,0.04999999999999999,0.019999999999999907,0.18,0.802,1.38
0,0.10999999999999999,0.30000000000000004,0.22999999999999998,0.649,1.34
0,0.34,0.26999999999999996,0.57,0.369,1.21
0,0.2,0.15999999999999998,0.16000000000000003,0.591,1.0899999999999999
1,0.27,0.25000000000000006,0.52,0.498,0.8899999999999999
0,0.21000000000000002,0.15000000000000008,0.35000000000000003,0.568,0.6799999999999999
0,0.22999999999999998,0.47,0.2,0.561,0.99
0,0.040000000000000036,0.24,0.28,0.532,1.7799999999999998
0,0.030000000000000027,0.5,0.09000000000000008,0.722,0.5700000000000001
1,0.27999999999999997,0.6,0.2,0.583,1.0300000000000002
1,0.25999999999999995,0.29000000000000004,0.24,0.695,0.5299999999999999
1,0.050000000000000044,0.27,0.24,0.611,0.79
1,0.2,0.36999999999999994,0.48999999999999994,0.723,0.9299999999999999
1,0.44000000000000006,0.040000000000000036,0.26000000000000006,0.727,0.51
1,0.26,0.06,0.10999999999999999,0.6859999999999999,1.66
0,0.33000000000000007,0.35,0.24,0.721,0.64
0,0.13999999999999996,0.030000000000000027,0.43,0.59,1.13
0,0.26000000000000006,0.18000000000000005,0.3,0.518,0.8500000000000001
0,0.28,0.42000000000000004,0.18999999999999997,0.711,0.6500000000000001
0,0.010000000000000009,0.62,0.78,0.657,0.75
0,0.04999999999999999,0.16999999999999998,0.10999999999999999,0.612,0.74
0,0.25,0.30000000000000004,0.6100000000000001,0.436,1.26
0,0.13,0.06999999999999995,0.09000000000000002,0.711,0.8
1,0.07000000000000006,0.24000000000000005,0.13999999999999996,0.8029999999999999,1.5899999999999999
0,0.23000000000000004,0.38999999999999996,0.15999999999999992,0.617,0.1899999999999999
0,0.27999999999999997,0.6799999999999999,0.07999999999999999,0.47,0.75
0,0.22999999999999998,0.020000000000000018,0.49,0.682,0.4700000000000001
0,0.24000000000000005,0.5,0.34,0.326,1.18
1,0.35000000000000003,0.25000000000000006,0.48,0.691,0.75
0,0.010000000000000009,0.35,0.040000000000000036,0.598,0.49999999999999994
0,0.27999999999999997,0.1,0.1100000000000001,0.5720000000000001,1.2
1,0.28,0.08999999999999997,0.04999999999999993,0.619,1.03
0,0.08000000000000002,0.42,0.22,0.708,1.11
0,0.17999999999999994,0.13999999999999996,0.08999999999999997,0.635,1.1199999999999999
0,0.0,0.26,0.17999999999999994,0.759,0.7999999999999999
0,0.19000000000000006,0.15000000000000002,0.36000000000000004,0.535,0.8500000000000001
0,0.18,0.030000000000000027,0.53,0.595,0.5700000000000001
0,0.05999999999999994,0.08000000000000002,0.32999999999999996,0.74,0.43999999999999995
0,0.42,0.5,0.31000000000000005,0.542,0.75
1,0.39,0.020000000000000018,0.06,0.768,0.67
0,0.15,0.49,0.43000000000000005,0.687,1.1600000000000001
0,0.45999999999999996,0.009999999999999995,0.10999999999999999,0.725,0.5200000000000001
0,0.21000000000000002,0.26,0.10999999999999999,0.7859999999999999,1.2600000000000002
0,0.18,0.03999999999999998,0.44000000000000006,0.6829999999999999,0.75
0,0.56,0.44000000000000006,0.06999999999999995,0.628,1.12
1,0.35,0.10999999999999999,0.08000000000000007,0.743,1.31
0,0.18000000000000005,0.07,0.04999999999999999,0.6920000000000001,0.53
1,0.78,0.0,0.0,0.622,1.3099999999999998
0,0.009999999999999953,0.019999999999999962,0.0,0.773,1.53
0,0.14,0.45000000000000007,0.19,0.585,1.45
0,0.29000000000000004,0.47000000000000003,0.029999999999999916,0.632,0.45000000000000007
0,0.25,0.13,0.25000000000000006,0.52,1.27
1,0.18999999999999997,0.1499999999999999,0.15000000000000002,0.735,0.66
0,0.08000000000000002,0.25999999999999995,0.20000000000000007,0.679,0.9699999999999999
1,0.13,0.08999999999999997,0.26,0.782,0.98
0,0.43,0.10999999999999999,0.19,0.45899999999999996,1.04
1,0.39,0.37,0.14999999999999997,0.591,1.8400000000000003
0,0.06,0.21999999999999997,0.29000000000000004,0.652,0.69
0,0.029999999999999916,0.66,0.21999999999999997,0.5760000000000001,1.1300000000000003
1,0.06,0.06,0.28,0.6579999999999999,1.29
0,0.009999999999999953,0.21000000000000002,0.78,0.496,1.25
0,0.12,0.19999999999999996,0.039999999999999925,0.679,0.6099999999999999
0,0.31999999999999995,0.54,0.010000000000000009,0.557,1.45
0,0.44999999999999996,0.030000000000000027,0.16000000000000003,0.5539999999999999,1.56
0,0.42000000000000004,0.15000000000000002,0.49,0.562,0.62
1,0.02999999999999997,0.5599999999999999,0.49000000000000005,0.8270000000000001,0.5499999999999999
0,0.020000000000000018,0.23000000000000004,0.27999999999999997,0.753,0.33
0,0.5800000000000001,0.53,0.31,0.465,1.0499999999999998
0,0.23000000000000004,0.19,0.37,0.551,1.17
1,0.09999999999999998,0.51,0.45999999999999996,0.915,0.78
0,0.31,0.1399999999999999,0.52,0.575,0.5200000000000001
1,0.13,0.07999999999999996,0.29000000000000004,0.75,0.9999999999999999
1,0.2,0.15999999999999998,0.03999999999999998,0.693,0.6500000000000001
0,0.48000000000000004,0.65,0.28,0.408,1.29
0,0.23000000000000004,0.18000000000000005,0.07000000000000006,0.542,1.05
0,0.019999999999999962,0.41000000000000003,0.20999999999999996,0.72,1.05
0,0.16000000000000003,0.36,0.04999999999999999,0.611,0.8899999999999999
0,0.26999999999999996,0.22999999999999998,0.45,0.637,0.47000000000000003
0,0.010000000000000009,0.5700000000000001,0.39,0.637,0.41000000000000003
0,0.34,0.15000000000000002,0.2400000000000001,0.466,0.5900000000000001
0,0.019999999999999907,0.2,0.0,0.7040000000000001,0.5700000000000001
0,0.41,0.42,0.10999999999999999,0.655,0.49999999999999994
0,0.09999999999999998,0.22999999999999998,0.040000000000000036,0.71,0.30999999999999994
0,0.42,0.33,0.14999999999999997,0.575,0.9299999999999999
0,0.08000000000000007,0.6100000000000001,0.45,0.589,0.49000000000000005
0,0.16999999999999998,0.31999999999999995,0.10999999999999999,0.5529999999999999,1.31
1,0.27,0.13,0.23999999999999994,0.728,1.02
0,0.2,0.15000000000000002,0.47000000000000003,0.634,0.9300000000000002
0,0.16000000000000003,0.10000000000000009,0.09999999999999998,0.696,1.4100000000000001
0,0.41,0.22000000000000008,0.30000000000000004,0.599,0.8699999999999999
0,0.35000000000000003,0.16999999999999998,0.7,0.455,1.35
0,0.21999999999999997,0.51,0.39999999999999997,0.593,0.7400000000000001
1,0.17999999999999994,0.41,0.24,0.5670000000000001,1.31
0,0.51,0.16999999999999998,0.18,0.5760000000000001,0.9199999999999999
0,0.07,0.21999999999999997,0.21999999999999997,0.594,0.5800000000000001
0,0.2899999999999999,0.08999999999999997,0.33000000000000007,0.812,0.67
0,0.37,0.56,0.19,0.667,0.7799999999999999
0,0.16000000000000003,0.02999999999999997,0.07,0.8079999999999999,1.44
0,0.14,0.020000000000000018,0.05000000000000002,0.617,1.7599999999999998
1,0.27,0.54,0.54,0.708,1.1099999999999999
0,0.18000000000000005,0.09000000000000002,0.040000000000000036,0.616,1.15
0,0.04000000000000001,0.29,0.35,0.605,0.7699999999999999
0,0.29,0.27999999999999997,0.12,0.6509999999999999,1.07
0,0.19999999999999996,0.2899999999999999,0.78,0.5429999999999999,1.64
0,0.30999999999999994,0.10999999999999999,0.26,0.523,0.8200000000000001
0,0.19,0.09000000000000002,0.020000000000000018,0.653,0.8500000000000001
0,0.18999999999999995,0.08999999999999997,0.27,0.593,1.46
0,0.14,0.37,0.21999999999999997,0.747,0.46999999999999986
0,0.10999999999999999,0.23,0.6,0.722,0.7100000000000001
1,0.16000000000000003,0.09,0.71,0.768,1.17
0,0.43,0.45000000000000007,0.010000000000000009,0.442,0.7300000000000001
0,0.19,0.35,0.35,0.758,0.6199999999999999
0,0.28,0.07000000000000006,0.17000000000000004,0.6459999999999999,1.31
0,0.38,0.04000000000000001,0.35,0.659,0.6199999999999999
0,0.30999999999999994,0.36,0.44,0.68,0.89
0,0.09999999999999998,0.48,0.39999999999999997,0.6729999999999999,0.7300000000000001
0,0.6399999999999999,0.019999999999999907,0.49,0.473,1.5699999999999998
0,0.24999999999999994,0.47,0.020000000000000018,0.65,0.6999999999999998
0,0.12999999999999995,0.33,0.18,0.602,0.5199999999999999
0,0.54,0.04999999999999999,0.26,0.488,2.09
0,0.36999999999999994,0.48000000000000004,0.22999999999999998,0.588,1.0899999999999999
0,0.34,0.22000000000000003,0.62,0.628,1.06
0,0.16000000000000003,0.09,0.24000000000000005,0.679,1.0799999999999998
0,0.35999999999999993,0.16000000000000003,0.26,0.627,1.06
0,0.13000000000000003,0.68,0.19,0.5820000000000001,0.8
0,0.05999999999999994,0.010000000000000009,0.5700000000000001,0.606,1.3000000000000003
0,0.039999999999999925,0.51,0.44000000000000006,0.499,0.5900000000000001
0,0.18999999999999995,0.08999999999999997,0.25,0.55,1.3000000000000003
0,0.040000000000000036,0.14999999999999997,0.09999999999999998,0.6809999999999999,0.49000000000000005
0,0.62,0.5900000000000001,0.06999999999999995,0.425,0.83
0,0.26999999999999996,0.46,0.16,0.6779999999999999,1.1600000000000001
0,0.51,0.14,0.76,0.551,0.9500000000000001
0,0.45999999999999996,0.12,0.010000000000000009,0.6779999999999999,1.4000000000000001
1,0.020000000000000018,0.5599999999999999,0.32999999999999996,0.715,1.16
0,0.35000000000000003,0.56,0.19000000000000003,0.426,1.6799999999999997
0,0.06999999999999995,0.24999999999999994,0.41,0.659,0.8300000000000001
0,0.10000000000000003,0.5399999999999999,0.21000000000000008,0.73,0.55
0,0.11000000000000004,0.15000000000000002,0.47000000000000003,0.599,0.53
0,0.10000000000000003,0.6300000000000001,0.07,0.78,0.9199999999999999
0,0.06000000000000005,0.15000000000000002,0.19,0.799,0.6400000000000001
0,0.08000000000000002,0.29999999999999993,0.5800000000000001,0.45299999999999996,1.1800000000000002
0,0.12,0.59,0.010000000000000009,0.528,1.7600000000000002
0,0.07,0.16000000000000003,0.10000000000000009,0.5870000000000001,0.45000000000000007
0,0.35,0.07999999999999996,0.24,0.56,0.65
1,0.21999999999999997,0.32,0.5,0.648,0.9000000000000001
0,0.51,0.19,0.31000000000000005,0.5429999999999999,1.2000000000000002
0,0.17999999999999994,0.79,0.49,0.631,1.04
0,0.52,0.21999999999999997,0.07999999999999996,0.43700000000000006,0.8500000000000001
0,0.16999999999999998,0.31000000000000005,0.30999999999999994,0.5529999999999999,1.1600000000000001
1,0.0,0.74,0.3,0.775,0.51
0,0.5499999999999999,0.37,0.15000000000000008,0.603,1.24
0,0.030000000000000027,0.17000000000000004,0.42000000000000004,0.64,1.2999999999999998
0,0.15000000000000002,0.030000000000000027,0.1499999999999999,0.637,1.1600000000000001
0,0.4,0.5700000000000001,0.009999999999999898,0.564,1.1400000000000001
0,0.019999999999999962,0.37,0.58,0.654,0.5900000000000001
1,0.13,0.16000000000000003,0.18000000000000005,0.743,1.53
1,0.24000000000000005,0.33999999999999997,0.27,0.8809999999999999,0.65
0,0.04000000000000001,0.04999999999999999,0.07000000000000006,0.7490000000000001,1.3099999999999998
1,0.41,0.11000000000000004,0.019999999999999907,0.768,0.64
0,0.12000000000000005,0.27,0.13999999999999996,0.7040000000000001,0.76
0,0.2,0.16000000000000003,0.21999999999999997,0.6940000000000001,1.27
0,0.30999999999999994,0.25,0.2,0.642,0.8300000000000001
0,0.09999999999999998,0.34,0.13,0.53,1.26
0,0.08999999999999997,0.26999999999999996,0.21999999999999997,0.552,0.95
1,0.14,0.31999999999999995,0.4600000000000001,0.732,1.29
1,0.02999999999999997,0.31999999999999995,0.35,0.5770000000000001,2.23
0,0.4,0.08999999999999997,0.17000000000000004,0.606,1.0899999999999999
0,0.30999999999999994,0.20999999999999996,0.04999999999999993,0.743,0.76
0,0.37000000000000005,0.02999999999999997,0.45,0.596,0.72
0,0.09999999999999998,0.20999999999999996,0.15000000000000002,0.64,0.9199999999999999
0,0.08999999999999997,0.16000000000000003,0.16999999999999998,0.6579999999999999,1.36
0,0.28,0.019999999999999962,0.010000000000000009,0.73,1.0
0,0.03999999999999998,0.04999999999999993,0.37,0.589,0.61
0,0.18999999999999995,0.009999999999999953,0.51,0.585,1.3599999999999999
0,0.040000000000000036,0.25,0.20999999999999996,0.7170000000000001,0.47
0,0.04999999999999993,0.35000000000000003,0.5,0.619,0.58
0,0.16999999999999998,0.6799999999999999,0.5599999999999999,0.516,1.47
1,0.19999999999999996,0.21999999999999997,0.58,0.68,1.28
0,0.06999999999999995,0.27,0.5800000000000001,0.635,0.3799999999999999
0,0.19000000000000006,0.020000000000000018,0.09999999999999998,0.7979999999999999,0.52
1,0.09000000000000002,0.030000000000000027,0.010000000000000009,0.884,1.23
1,0.21999999999999997,0.07,0.35,0.718,0.5800000000000001
0,0.06999999999999995,0.07999999999999996,0.10999999999999999,0.635,1.24
0,0.6299999999999999,0.26,0.18,0.583,1.4500000000000002
0,0.27,0.25999999999999995,0.23999999999999996,0.5660000000000001,1.87
0,0.0,0.10999999999999999,0.06,0.735,1.06
0,0.41000000000000003,0.19000000000000006,0.05000000000000002,0.446,1.15
0,0.4600000000000001,0.010000000000000009,0.20000000000000007,0.597,0.31999999999999984
0,0.09999999999999998,0.030000000000000027,0.050000000000000044,0.6890000000000001,0.98
0,0.43999999999999995,0.12999999999999995,0.12,0.526,0.73
0,0.23000000000000004,0.65,0.29,0.618,1.02
0,0.18000000000000005,0.44999999999999996,0.08000000000000002,0.5479999999999999,1.85
0,0.37000000000000005,0.36,0.020000000000000018,0.5670000000000001,1.3699999999999999
1,0.10999999999999999,0.5599999999999999,0.41000000000000003,0.637,0.46
1,0.43000000000000005,0.05999999999999997,0.87,0.815,0.78
0,0.31000000000000005,0.050000000000000044,0.029999999999999916,0.777,0.79
1,0.09999999999999998,0.18999999999999995,0.57,0.586,1.4700000000000002
0,0.07,0.14999999999999997,0.24,0.43200000000000005,2.02
0,0.13,0.24000000000000002,0.51,0.561,1.05
1,0.03999999999999998,0.53,0.13,0.6629999999999999,1.15
1,0.46,0.30999999999999994,0.12999999999999998,0.639,0.76
1,0.23000000000000004,0.12000000000000005,0.20000000000000007,0.863,1.28
1,0.4,0.030000000000000027,0.18,0.813,0.7799999999999999
0,0.040000000000000036,0.24,0.21999999999999997,0.713,1.07
0,0.06999999999999995,0.32,0.48999999999999994,0.7120000000000001,1.07
0,0.030000000000000027,0.43999999999999995,0.51,0.675,0.83
0,0.19999999999999996,0.22999999999999998,0.0,0.52,1.19
0,0.07,0.10999999999999999,0.08999999999999997,0.583,0.54
0,0.25,0.24999999999999994,0.5800000000000001,0.599,1.6600000000000001
0,0.25000000000000006,0.06,0.12,0.635,1.8399999999999999
1,0.04999999999999999,0.25,0.020000000000000018,0.871,0.6599999999999999
0,0.010000000000000009,0.08999999999999997,0.04000000000000001,0.722,1.44
1,0.20000000000000007,0.6900000000000001,0.48000000000000004,0.42200000000000004,0.9799999999999999
0,0.37,0.020000000000000018,0.27999999999999997,0.624,0.42
0,0.010000000000000009,0.17999999999999994,0.44999999999999996,0.602,1.35
0,0.23,0.37,0.12999999999999995,0.7240000000000001,1.5999999999999996
0,0.45999999999999996,0.46,0.06999999999999998,0.6859999999999999,0.8799999999999999
0,0.040000000000000036,0.47,0.04999999999999999,0.6859999999999999,1.18
0,0.41999999999999993,0.34,0.10999999999999999,0.475,0.71
0,0.050000000000000044,0.16000000000000003,0.11999999999999994,0.741,0.9499999999999998
0,0.03999999999999998,0.42,0.02999999999999997,0.602,1.3
0,0.04999999999999999,0.31000000000000005,0.41000000000000003,0.6559999999999999,1.05
1,0.14,0.35,0.28,0.758,1.48
0,0.15000000000000002,0.48,0.08999999999999997,0.637,0.98
1,0.17000000000000004,0.38,0.12,0.8190000000000001,0.84
1,0.020000000000000018,0.010000000000000009,0.08000000000000002,0.9109999999999999,0.32999999999999996
0,0.31,0.72,0.52,0.659,0.92
1,0.33999999999999997,0.15000000000000002,0.13999999999999996,0.705,1.1499999999999997
1,0.15000000000000002,0.14,0.31,0.635,1.27
0,0.11000000000000004,0.26,0.08000000000000007,0.698,1.2000000000000002
0,0.06,0.25,0.19999999999999996,0.655,0.7100000000000001
1,0.10000000000000003,0.09999999999999998,0.14,0.769,1.04
1,0.38999999999999996,0.55,0.08999999999999997,0.611,1.22
0,0.19999999999999996,0.07,0.75,0.675,1.64
1,0.08999999999999997,0.23,0.05999999999999994,0.9570000000000001,0.53
0,0.009999999999999953,0.41,0.08000000000000007,0.7040000000000001,0.7500000000000002
0,0.17999999999999994,0.22999999999999998,0.16,0.62,1.3199999999999998
0,0.24,0.38999999999999996,0.36000000000000004,0.6759999999999999,1.17
0,0.27,0.37000000000000005,0.010000000000000009,0.5660000000000001,1.38
1,0.13,0.6,0.18000000000000005,0.636,1.24
0,0.13,0.41,0.15999999999999998,0.644,0.34
0,0.19000000000000006,0.25999999999999995,0.14999999999999997,0.632,0.99
0,0.09999999999999998,0.12,0.010000000000000009,0.726,1.6
0,0.36,0.13,0.020000000000000018,0.6920000000000001,1.12
0,0.31,0.48,0.15000000000000002,0.575,0.93
0,0.16000000000000003,0.27,0.4600000000000001,0.785,0.7600000000000001
0,0.31000000000000005,0.42000000000000004,0.66,0.49200000000000005,0.5
1,0.21999999999999997,0.57,0.050000000000000044,0.7240000000000001,1.2400000000000002
0,0.13,0.020000000000000018,0.06999999999999995,0.631,1.27
0,0.24,0.56,0.040000000000000036,0.631,1.1
0,0.14,0.0,0.09999999999999998,0.78,0.77
1,0.63,0.24999999999999997,0.14,0.515,1.0500000000000003
0,0.48,0.4099999999999999,0.19999999999999996,0.5660000000000001,1.23
0,0.35,0.3,0.22999999999999998,0.575,0.97
0,0.02999999999999997,0.19000000000000006,0.07,0.6759999999999999,1.2700000000000002
0,0.15999999999999992,0.4,0.36,0.536,1.09
0,0.18,0.6000000000000001,0.06000000000000005,0.647,0.5499999999999999
0,0.18,0.15000000000000002,0.1200000000000001,0.631,1.3800000000000001
0,0.16000000000000003,0.36,0.41999999999999993,0.601,0.78
0,0.21,0.16999999999999998,0.35000000000000003,0.5760000000000001,0.7499999999999999
0,0.17000000000000004,0.08999999999999997,0.020000000000000018,0.479,0.88
0,0.37000000000000005,0.21999999999999997,0.13000000000000006,0.606,0.78
1,0.06,0.31000000000000005,0.28,0.7120000000000001,1.0
1,0.26999999999999996,0.21000000000000008,0.08000000000000007,0.7090000000000001,0.56
0,0.45999999999999996,0.28,0.63,0.455,0.79
0,0.010000000000000009,0.08000000000000007,0.26,0.606,1.5599999999999998
0,0.020000000000000018,0.53,0.18000000000000005,0.762,0.81
0,0.3400000000000001,0.16000000000000003,0.16000000000000003,0.46399999999999997,1.15
0,0.27999999999999997,0.47,0.0,0.5710000000000001,1.4
0,0.02999999999999997,0.15000000000000002,0.10999999999999999,0.6940000000000001,0.5099999999999999
1,0.10999999999999999,0.18,0.25,0.736,0.8600000000000001
0,0.43999999999999995,0.34,0.31,0.48,1.22
0,0.41,0.21,0.25,0.597,0.74
0,0.37,0.010000000000000009,0.13,0.6609999999999999,1.42
0,0.3,0.13,0.36,0.441,1.21
0,0.15000000000000002,0.49000000000000005,0.35000000000000003,0.444,1.49
0,0.040000000000000036,0.22999999999999998,0.51,0.563,2.18
0,0.21000000000000002,0.050000000000000044,0.16000000000000003,0.634,1.31
1,0.31000000000000005,0.26999999999999996,0.16999999999999998,0.56,1.0999999999999999
0,0.26,0.45,0.39,0.524,1.4300000000000002
0,0.17000000000000004,0.09999999999999998,0.46,0.5720000000000001,1.1
0,0.07,0.030000000000000027,0.41,0.672,1.1500000000000001
0,0.37,0.06,0.06,0.467,1.5100000000000002
0,0.6799999999999999,0.37,0.5700000000000001,0.349,1.31
0,0.009999999999999953,0.34,0.42999999999999994,0.625,1.95
0,0.39,0.23999999999999994,0.36,0.33299999999999996,1.23
0,0.009999999999999953,0.1200000000000001,0.62,0.608,0.6700000000000002
0,0.04999999999999999,0.18,0.030000000000000027,0.596,0.7000000000000001
0,0.38,0.07,0.019999999999999907,0.635,1.5999999999999999
0,0.07999999999999996,0.15,0.6199999999999999,0.685,1.41
0,0.11999999999999994,0.27,0.5800000000000001,0.594,0.6599999999999999
0,0.32,0.08000000000000007,0.48,0.513,1.28
0,0.10000000000000009,0.19,0.03999999999999998,0.722,0.75
0,0.18000000000000005,0.5499999999999999,0.15999999999999992,0.5489999999999999,0.9899999999999999
1,0.45999999999999996,0.17999999999999994,0.39999999999999997,0.537,1.4799999999999998
0,0.010000000000000009,0.22,0.38999999999999996,0.586,1.32
0,0.2,0.12000000000000005,0.5800000000000001,0.655,0.89
0,0.09999999999999998,0.020000000000000018,0.12000000000000005,0.758,1.02
0,0.15999999999999998,0.020000000000000018,0.44999999999999996,0.532,2.12
0,0.35,0.31000000000000005,0.28,0.5660000000000001,1.21
0,0.06,0.18000000000000005,0.06,0.728,1.4
1,0.13,0.52,0.040000000000000036,0.669,0.69
0,0.04999999999999993,0.10999999999999999,0.13,0.847,0.8200000000000002
0,0.42,0.66,0.13,0.809,0.4699999999999999
0,0.27999999999999997,0.04999999999999993,0.29000000000000004,0.693,1.47
0,0.25,0.020000000000000018,0.12999999999999998,0.61,1.02
1,0.12,0.29000000000000004,0.010000000000000009,0.8420000000000001,1.1600000000000001
0,0.21000000000000008,0.04999999999999993,0.32000000000000006,0.747,1.28
0,0.17000000000000004,0.08999999999999997,0.019999999999999907,0.748,0.8799999999999999
0,0.17000000000000004,0.24999999999999997,0.1399999999999999,0.6859999999999999,1.1199999999999999
0,0.20999999999999996,0.6399999999999999,0.040000000000000036,0.66,1.1800000000000002
0,0.41,0.08999999999999997,0.30000000000000004,0.55,1.2000000000000002
1,0.2,0.18,0.65,0.76,1.54
0,0.43999999999999995,0.13,0.26999999999999996,0.542,1.31
0,0.23999999999999994,0.09999999999999998,0.16999999999999993,0.5670000000000001,1.06
0,0.44999999999999996,0.14000000000000007,0.19,0.6709999999999999,1.09
0,0.2899999999999999,0.39,0.12000000000000005,0.705,0.98
1,0.09000000000000008,0.53,0.32999999999999996,0.659,0.8
0,0.46,0.13999999999999996,0.43000000000000005,0.632,1.44
1,0.09999999999999998,0.29000000000000004,0.26000000000000006,0.789,0.6400000000000001
0,0.06,0.010000000000000009,0.040000000000000036,0.626,0.5800000000000001
0,0.040000000000000036,0.030000000000000027,0.18,0.843,0.76
1,0.24999999999999994,0.30999999999999994,0.63,0.5820000000000001,0.8500000000000001
0,0.25999999999999995,0.21,0.35,0.6920000000000001,0.8499999999999999
0,0.35000000000000003,0.08999999999999997,0.74,0.633,1.03
1,0.010000000000000009,0.27,0.27,0.6970000000000001,1.0899999999999999
0,0.08999999999999997,0.05999999999999994,0.010000000000000009,0.615,1.35
0,0.69,0.2,0.21,0.672,1.48
0,0.07,0.24999999999999994,0.23,0.647,1.15
1,0.16000000000000003,0.06999999999999995,0.09999999999999998,0.75,1.1
0,0.17,0.39999999999999997,0.26000000000000006,0.467,1.2999999999999998
0,0.23999999999999996,0.11000000000000004,0.09999999999999998,0.653,1.04
0,0.24,0.29999999999999993,0.49999999999999994,0.733,0.81
0,0.07999999999999996,0.12000000000000005,0.33999999999999997,0.639,1.1400000000000001
0,0.04999999999999993,0.17999999999999994,0.33,0.585,1.4499999999999997
0,0.03999999999999998,0.06000000000000005,0.05000000000000002,0.619,1.3399999999999999
0,0.030000000000000027,0.030000000000000027,0.31000000000000005,0.6659999999999999,0.8
0,0.24,0.019999999999999907,0.33,0.706,0.8500000000000001
0,0.24,0.24000000000000002,0.06,0.406,0.55
0,0.09999999999999998,0.08999999999999997,0.0,0.574,1.31
0,0.12,0.14,0.21999999999999997,0.6679999999999999,0.84
0,0.020000000000000018,0.03999999999999998,0.16999999999999993,0.77,0.28
0,0.07,0.07999999999999996,0.24,0.6679999999999999,1.1400000000000001
0,0.07,0.020000000000000018,0.41000000000000003,0.6829999999999999,1.25
0,0.10000000000000009,0.36,0.18999999999999995,0.546,1.4699999999999998
0,0.07999999999999996,0.15,0.26,0.6509999999999999,1.7400000000000002
0,0.12000000000000005,0.040000000000000036,0.6100000000000001,0.728,0.6499999999999999
0,0.12,0.6799999999999999,0.17999999999999994,0.63,1.12
0,0.29000000000000004,0.10999999999999999,0.08000000000000007,0.5539999999999999,0.95
1,0.2899999999999999,0.26999999999999996,0.39,0.732,0.63
0,0.19999999999999998,0.35,0.41999999999999993,0.513,1.53
0,0.13,0.18000000000000005,0.44,0.484,1.0
1,0.17000000000000004,0.31999999999999995,0.42000000000000004,0.713,0.93
0,0.45999999999999996,0.05999999999999994,0.17000000000000004,0.7490000000000001,1.3899999999999997
1,0.09999999999999998,0.07,0.010000000000000009,0.9259999999999999,0.94
0,0.05999999999999994,0.4700000000000001,0.15999999999999998,0.6709999999999999,1.09
0,0.010000000000000009,0.38,0.33,0.605,1.7000000000000002
0,0.34,0.20000000000000007,0.28,0.632,0.95
0,0.10000000000000003,0.41,0.08000000000000007,0.586,0.71
0,0.020000000000000018,0.21,0.43,0.726,1.29
0,0.31999999999999995,0.33,0.2,0.54,0.48
0,0.020000000000000018,0.2,0.45999999999999996,0.6579999999999999,1.15
0,0.23000000000000004,0.010000000000000009,0.19000000000000006,0.738,0.8400000000000001
0,0.26999999999999996,0.17000000000000004,0.21999999999999997,0.535,0.6299999999999999
0,0.08999999999999997,0.09999999999999998,0.35,0.48700000000000004,1.1999999999999997
0,0.10000000000000003,0.5800000000000001,0.06,0.726,0.9900000000000001
0,0.02999999999999997,0.21999999999999997,0.5999999999999999,0.7440000000000001,0.52
0,0.14999999999999997,0.22999999999999998,0.029999999999999916,0.685,0.9100000000000001
0,0.16000000000000003,0.62,0.4700000000000001,0.604,2.0
0,0.35000000000000003,0.27,0.18000000000000005,0.478,0.94
1,0.05999999999999994,0.34,0.4,0.787,0.8000000000000002
0,0.05999999999999994,0.06000000000000005,0.39,0.748,0.6699999999999999
0,0.44,0.71,0.07999999999999999,0.583,1.3399999999999999
0,0.04999999999999999,0.03,0.49000000000000005,0.6920000000000001,1.35
0,0.02999999999999997,0.25,0.14999999999999997,0.55,0.78
0,0.41,0.51,0.13,0.36,1.5399999999999998
0,0.1399999999999999,0.22000000000000003,0.15999999999999992,0.635,1.2599999999999998
0,0.27,0.55,0.35,0.62,0.4899999999999999
0,0.36,0.06000000000000005,0.73,0.593,0.85
0,0.19999999999999998,0.09999999999999998,0.27,0.809,0.99
0,0.050000000000000044,0.39,0.2700000000000001,0.7240000000000001,0.9299999999999999
0,0.48000000000000004,0.24,0.20000000000000007,0.588,1.8
1,0.10999999999999999,0.010000000000000009,0.07999999999999996,0.973,0.94
0,0.15000000000000002,0.10999999999999999,0.08999999999999997,0.731,0.19
0,0.16000000000000003,0.47,0.43000000000000005,0.623,0.69
1,0.14,0.05999999999999997,0.25,0.695,0.4
0,0.06000000000000005,0.54,0.08000000000000002,0.647,1.23
0,0.13,0.41,0.66,0.49,0.9299999999999999
0,0.38999999999999996,0.16000000000000003,0.21999999999999997,0.635,1.3099999999999998
0,0.019999999999999962,0.42000000000000004,0.17999999999999994,0.45,1.52
1,0.30999999999999994,0.08999999999999997,0.3,0.777,1.39
0,0.06,0.5900000000000001,0.41999999999999993,0.685,0.81
0,0.010000000000000009,0.020000000000000018,0.45,0.611,0.62
0,0.08000000000000002,0.10000000000000003,0.19,0.615,1.17
0,0.24,0.51,0.26,0.43200000000000005,1.71
0,0.09999999999999998,0.44000000000000006,0.010000000000000009,0.659,0.8099999999999999
0,0.14,0.31000000000000005,0.07999999999999996,0.623,1.41
0,0.42000000000000004,0.33999999999999997,0.38,0.598,0.45999999999999996
0,0.53,0.46,0.53,0.431,0.48
0,0.24,0.06999999999999995,0.23999999999999994,0.624,1.3599999999999999
0,0.16999999999999993,0.16000000000000003,0.11000000000000004,0.67,1.63
0,0.030000000000000027,0.32999999999999996,0.5599999999999999,0.5329999999999999,1.0699999999999998
0,0.040000000000000036,0.55,0.1499999999999999,0.608,0.6699999999999999
0,0.0,0.55,0.030000000000000027,0.583,1.17
0,0.25,0.22999999999999998,0.39,0.513,1.04
0,0.16999999999999998,0.39,0.25000000000000006,0.591,1.21
0,0.050000000000000044,0.29000000000000004,0.10999999999999999,0.506,1.67
0,0.09999999999999998,0.49000000000000005,0.28,0.5429999999999999,0.33999999999999997
0,0.18,0.32999999999999996,0.32000000000000006,0.562,1.2799999999999998
0,0.29000000000000004,0.42999999999999994,0.31000000000000005,0.557,1.52
0,0.18999999999999995,0.42999999999999994,0.74,0.591,0.5199999999999999
0,0.020000000000000018,0.53,0.030000000000000027,0.64,0.52
1,0.34,0.4,0.37000000000000005,0.466,0.71
0,0.030000000000000027,0.54,0.19999999999999996,0.6,0.89
0,0.5,0.8500000000000001,0.08999999999999997,0.523,0.7599999999999998
1,0.49000000000000005,0.18,0.53,0.614,1.6900000000000004
0,0.16999999999999993,0.35,0.62,0.55,1.1300000000000001
1,0.17000000000000004,0.51,0.48000000000000004,0.555,1.2900000000000003
0,0.33999999999999997,0.35,0.32,0.552,0.97
0,0.5,0.26,0.32000000000000006,0.635,0.97
0,0.23000000000000004,0.51,0.07000000000000006,0.634,1.19
0,0.020000000000000018,0.17000000000000004,0.27,0.782,0.91
0,0.36,0.27,0.47000000000000003,0.6579999999999999,1.08
0,0.12,0.21000000000000008,0.08000000000000002,0.49200000000000005,1.3599999999999999
0,0.09,0.33999999999999997,0.24,0.6990000000000001,1.7
0,0.28,0.15999999999999998,0.39,0.6970000000000001,1.4500000000000002
0,0.38,0.37,0.29,0.526,1.6400000000000001
0,0.13999999999999996,0.28,0.6,0.61,0.41999999999999993
1,0.09999999999999998,0.12,0.17999999999999994,0.736,0.96
0,0.019999999999999962,0.19000000000000006,0.040000000000000036,0.6559999999999999,2.0
1,0.15999999999999998,0.25,0.76,0.759,1.2
1,0.07999999999999996,0.050000000000000044,0.39,0.626,2.09
0,0.15000000000000002,0.17000000000000004,0.17000000000000004,0.7490000000000001,0.7600000000000001
1,0.47,0.44,0.17000000000000004,0.7390000000000001,0.4599999999999999
1,0.06,0.06,0.36000000000000004,0.772,2.01
0,0.16000000000000003,0.44999999999999996,0.12,0.7509999999999999,0.5900000000000001
0,0.6399999999999999,0.18,0.13,0.541,0.8699999999999999
1,0.18,0.16999999999999998,0.13,0.7340000000000001,0.9199999999999999
0,0.28,0.58,0.45,0.5920000000000001,1.0099999999999998
0,0.46,0.6,0.21000000000000008,0.513,1.5599999999999998
